Input,Actual,Predicted
ank,"	अंक
","	एंक
"
ankit,"	अंकित
","	एंकिट
"
anakon,"	अंकों
","	अनकों
"
angkor,"	अंकोर
","	एंगकर
"
angaarak,"	अंगारक
","	अंगारक
"
angraji,"	अंग्रज़ी
","	अंग्रजी
"
antah,"	अंतः
","	अंताह
"
antarmukh,"	अंतर्मुख
","	अंतरमूख
"
andrabee,"	अंद्राबी
","	एंद्रीबी
"
andha,"	अंधा
","	अंधा
"
andhapan,"	अंधापन
","	अंधपन
"
andheri,"	अंधेरी
","	अंधेरी
"
ambaani,"	अंबानी
","	अंबानी
"
akram,"	अकरम
","	अक्रम
"
acapulco,"	अकापुल्को
","	अपाक्बोक
"
akhand,"	अखंड
","	अखंड
"
akhil,"	अखिल
","	अखिल
"
agavai,"	अगवाई
","	अगवाई
"
augustine,"	अगस्टाइन
","	आगस्टिन
"
agsta,"	अगस्ता
","	अज्सता
"
agr,"	अग्र
","	एग्री
"
achambha,"	अचंभा
","	अचंभा
"
achievement,"	अचीवमेंट
","	अशियमेंट
"
acchi,"	अच्छी
","	अच्छी
"
achyut,"	अच्युत
","	अच्युत
"
achhanera,"	अछनेरा
","	अछ्नेरा
"
ajmeedh,"	अजमीढ़
","	अजमीध
"
ajhar,"	अजहर
","	अहर
"
ajit,"	अजित
","	अजित
"
agnat,"	अज्ञात
","	अज्ञात
"
atakta,"	अटकता
","	अतकता
"
atake,"	अटके
","	अटके
"
atwaal,"	अटवाल
","	अतवाल
"
attahasa,"	अट्टहास
","	अत्तासा
"
addon,"	अड्डों
","	एड्नों
"
athak,"	अथक
","	अठक
"
atharv,"	अथर्व
","	अथर्व
"
adad,"	अदद
","	अदड़
"
adaani,"	अदाणी
","	अदानी
"
advait,"	अद्वैत
","	अदवित
"
advaitvaad,"	अद्वैतवाद
","	अदवितवाद
"
adhivas,"	अधिवास
","	अधिवास
"
adhiik,"	अधीक
","	अधिक
"
adhyayanarat,"	अध्ययनरत
","	अध्ययनतर
"
anant,"	अनंत
","	अनंत
"
ananti,"	अनंती
","	अनंति
"
angadh,"	अनगढ़
","	अंगढ़
"
anchahe,"	अनचाहे
","	अंचाहे
"
anthak,"	अनथक
","	अंथक
"
anhoni,"	अनहोनी
","	अनोनी
"
anaavashyak,"	अनावश्यक
","	अनावाश्यक
"
anik,"	अनिक
","	अनिक
"
anishwarvadi,"	अनीश्वरवादी
","	अनिश्वरवीदी
"
anukoltha,"	अनुकूलता
","	अनुकूल्ठा
"
anuchit,"	अनुचित
","	अनुचित
"
anuprayogi,"	अनुप्रयोगों
","	अनुप्रयोगी
"
anureet,"	अनुरीत
","	अनुरीत
"
anuthi,"	अनूठी
","	अनुठी
"
anudit,"	अनूदित
","	अनुदित
"
anyaay,"	अन्याय
","	अन्याय
"
apnani,"	अपनानी
","	अपनानी
"
aparivartanshali,"	अपरिवर्तनशील
","	अपरिवर्णशीली
"
apariharya,"	अपरिहार्य
","	अपरिहार्य
"
apavartit,"	अपवर्तित
","	अपवर्तित
"
apaardarshi,"	अपारदर्शी
","	अपारदर्शी
"
afroj,"	अफरोज
","	अफरोज
"
africa,"	अफ्रीका
","	अफ्रिका
"
abbaasi,"	अब्बासी
","	अब्बासी
"
abhimat,"	अभिमत
","	अभिमत
"
abhishap,"	अभिशाप
","	अभिषाप
"
abhi,"	अभी
","	अभिय
"
amjhera,"	अमझेरा
","	अमझेरा
"
amargad,"	अमरगढ़
","	अमर्गद
"
amarpaal,"	अमरपाल
","	अमरपाल
"
amarohi,"	अमरोही
","	अमरोही
"
amaanat,"	अमानत
","	अमानत
"
amaanati,"	अमानती
","	अमानती
"
amavasya,"	अमावस्या
","	अमवास्य
"
amit,"	अमित
","	अमिट
"
amitao,"	अमिताव
","	अमिताओ
"
amuk,"	अमुक
","	अमुक
"
amogh,"	अमोघ
","	अमोग
"
ambani,"	अम्बानी
","	अंबानी
"
ayodhyaanaath,"	अयोध्यानाथ
","	अयोध्यान
"
aradas,"	अरदास
","	अरदरस
"
arabab,"	अरबाब
","	अरबब
"
around,"	अराउंड
","	अरूंड
"
arjent,"	अर्जेंट
","	अरजेंट
"
arth,"	अर्थ
","	आर्थ
"
earthquake,"	अर्थक्वेक
","	इर्थकायूक
"
arthon,"	अर्थों
","	आर्थों
"
arpit,"	अर्पित
","	अर्पिट
"
aryama,"	अर्यमा
","	आर्यमा
"
alankaar,"	अलंकार
","	अलंकार
"
alankaaron,"	अलंकारों
","	अलंकारों
"
alagavavadi,"	अलगाववादी
","	अलागवावी
"
alive,"	अलाइव
","	एलीवे
"
alance,"	अलायंस
","	एलेंस
"
alind,"	अलिंद
","	एलिंड
"
alai,"	अली
","	अलाई
"
alonso,"	अलोंसो
","	एलोंस
"
alphabet,"	अल्फ़ाबेट
","	अल्पाबेत
"
alba,"	अल्बा
","	एल्बा
"
avantipur,"	अवंतिपुर
","	अवांतिपुर
"
avaru,"	अवरु
","	अवरू
"
avarodhak,"	अवरोधक
","	अवरोधक
"
avarnata,"	अवर्णता
","	अवर्णता
"
avashist,"	अवशिष्ट
","	अवशिस्त
"
avasthaayen,"	अवस्थाएं
","	अवस्थाएं
"
avi,"	अवि
","	अवि
"
avika,"	अविका
","	अविका
"
aviral,"	अविरल
","	अविरल
"
avishvaasniy,"	अविश्वसनीय
","	अविश्वासिया
"
aviva,"	अवीवा
","	अविवा
"
avaigyanic,"	अवैज्ञानिक
","	अवैज्ञानिक
"
ashaktataa,"	अशक्तता
","	अशकत्ता
"
asharaphi,"	अशरफी
","	अशराफी
"
ashariri,"	अशरीरी
","	अशरीरी
"
ashrvatath,"	अश्वत्थ
","	अश्वर्थाथ
"
asamaany,"	असमान्य
","	असमान्य
"
asaamnjsy,"	असामंजस्य
","	असामंज्सी
"
asurakshit,"	असुरक्षित
","	असुरक्षित
"
aset,"	असेट
","	एसेट
"
asvabhavik,"	अस्वभाविक
","	अस्वाभाविक
"
ahirauli,"	अहिरौली
","	अहिरालु
"
item,"	आइटम
","	इतमे
"
items,"	आइटम्स
","	आईट्मेस
"
idle,"	आइडल
","	आइडल
"
icc,"	आइसीसी
","	आईसीसी
"
iso,"	आइसो
","	आईएस
"
ipc,"	आईपीसी
","	आईपीसी
"
ipad,"	आईपैड
","	आईपीडी
"
iris,"	आईरिस
","	आरिस
"
ounce,"	आउंस
","	यूंस
"
aakaash,"	आकाश
","	आकाश
"
aake,"	आके
","	आके
"
aakhet,"	आखेट
","	आखेत
"
aagat,"	आगत
","	आगत
"
aagaman,"	आगमन
","	आगमन
"
aagaa,"	आग़ा
","	आगा
"
aagaashe,"	आगाशे
","	आगारे
"
aajmaanaa,"	आजमाना
","	आजमाना
"
aata,"	आटा
","	आता
"
aatmayen,"	आत्माएं
","	आत्मेय
"
aadaan,"	आदान
","	आदान
"
aadhaarit,"	आधारित
","	आधारित
"
aadheen,"	आधीन
","	आधीन
"
aadhunik,"	आधुनिक
","	आधुनिक
"
aanad,"	आनद
","	आनद
"
aapka,"	आपका
","	आपका
"
aapadaaaen,"	आपदाएं
","	आपदाएं
"
aabantit,"	आबंटित
","	आबंतित
"
aabru,"	आबरू
","	आयरू
"
aamdan,"	आमदन
","	आमदन
"
aamdani,"	आमदनी
","	आमदनी
"
aamdi,"	आमदी
","	आमदी
"
aamod,"	आमोद
","	आमोद
"
aayenge,"	आयेंगे
","	आयेंगे
"
aayojak,"	आयोजक
","	आयोजक
"
ro,"	आरओ
","	रो
"
rp,"	आरपी
","	आरपी
"
aaraam,"	आराम
","	आराम
"
aarushi,"	आरुषि
","	आरूषी
"
artery,"	आर्टरी
","	आर्टरी
"
order,"	आर्डर
","	ऑर्डर
"
aary,"	आर्य
","	आर्य
"
aaryika,"	आर्यिका
","	आर्यिका
"
aarya,"	आर्यो
","	आर्या
"
aaryan,"	आर्यों
","	आर्यन
"
aalsi,"	आलसी
","	आलसी
"
aalochak,"	आलोचक
","	आलोचक
"
aalochakon,"	आलोचकों
","	आलोकों
"
aalha,"	आल्हा
","	आल्हा
"
aawaazen,"	आवाज़ें
","	आवाजें
"
aawajon,"	आवाज़ों
","	आवाजों
"
aavishakaar,"	आविष्कार
","	आविशकार
"
aavriti,"	आवृत्ति
","	आवृति
"
aavritiyon,"	आवृत्तियों
","	आवृतियों
"
aashanka,"	आशंका
","	आशांका
"
aashriton,"	आश्रितों
","	आशर्तिओं
"
aasaan,"	आसान
","	आसान
"
aastik,"	आस्तिक
","	आस्तिक
"
aasteen,"	आस्तीन
","	आस्तीन
"
aahnaan,"	आह्नान
","	आहनान
"
england,"	इंग्लैंड
","	इंगलैंड
"
engineer,"	इंजिनियर
","	इंजीनियर
"
introduction,"	इंट्रोडक्शन
","	इंट्रोडक्शन
"
insurance,"	इंश्योरेंस
","	इंसरोंस
"
ear,"	इअर
","	ईयर
"
eon,"	इआन
","	इन
"
ekattha,"	इकट्ठा
","	एकत्था
"
ekatthi,"	इकठ्ठी
","	एकत्थी
"
ekaee,"	इकाई
","	एकाई
"
ekaeyon,"	इकाईयों
","	एकायों
"
economic,"	इकोनोमिक
","	इकोनॉमिक
"
ecuador,"	इक्वाडोर
","	इकाउडर
"
equities,"	इक्विटीज
","	एक्युटिज
"
ijaajat,"	इजाजत
","	इजाजत
"
inhalation,"	इनहेलेशन
","	इन्हालिशन
"
ibija,"	इबीजा
","	इबिजा
"
imaging,"	इमेजिंग
","	इमाजिंग
"
immune,"	इम्युन
","	इम्यून
"
elaichi,"	इलाइची
","	इलाचि
"
elaaj,"	इलाज
","	इलाज
"
ishaak,"	इशाक
","	इशाक
"
ishaara,"	इशारा
","	इशारा
"
ishita,"	इशिता
","	इशिता
"
isht,"	इष्ट
","	इश्ट
"
isteefe,"	इस्तीफे
","	इस्तीफे
"
ea,"	ईए
","	ईए
"
eater,"	ईटर
","	इटर
"
email,"	ईमेल
","	एमेल
"
emailon,"	ईमेलों
","	एमलैं
"
evening,"	ईवनिंग
","	एविनिंग
"
east,"	ईष्ट
","	ईस्ट
"
isaaiyon,"	ईसाइयों
","	इसायों
"
ikhrul,"	उखरुल
","	इखरूल
"
uchhalane,"	उछालने
","	उछलने
"
ujback,"	उज़्बेक
","	जजबिक
"
uthane,"	उठने
","	उठने
"
uthaakar,"	उठाकर
","	उठाकर
"
uthaapatak,"	उठापटक
","	उठापत्क
"
uthen,"	उठें
","	उठें
"
udaan,"	उड़ान
","	उदान
"
udaanaa,"	उड़ाना
","	उदाना
"
udaane,"	उड़ाने
","	उड़ाने
"
udaanen,"	उड़ानें
","	उदानें
"
udaanon,"	उड़ानों
","	उदानों
"
utane,"	उतने
","	उतने
"
uttara,"	उत्तरा
","	उत्तरा
"
utpan,"	उत्पन
","	उत्पन
"
udant,"	उदंत
","	उड़ंत
"
udghosh,"	उदघोष
","	उदोष
"
udar,"	उदर
","	उदार
"
uda,"	उदा
","	उड़ा
"
udakishuganj,"	उदाकिशुनगंज
","	उदकिष्जग
"
unatees,"	उनतीस
","	युनतीस
"
uniyal,"	उनियाल
","	यूनियाल
"
upadraviyon,"	उपद्रवियों
","	उपद्रवियों
"
upadravi,"	उपद्रवी
","	उपद्रवी
"
upadrawon,"	उपद्रवों
","	उपद्रवाओं
"
upneta,"	उपनेता
","	उपनेटा
"
upabhokta,"	उपभोक्ता
","	उपभूकता
"
uplaksh,"	उपलक्ष्य
","	उपलक्ष
"
uplabdh,"	उपलब्ध
","	उपलाध
"
uplabdhiyon,"	उपलब्धियों
","	उपलाभियों
"
uplabdhi,"	उपलब्धी
","	उपलाभी
"
upakhyaanon,"	उपाख्यानों
","	उपख्याओं
"
ubuntu,"	उबंटू
","	उयुंटा
"
ubaal,"	उबाल
","	उबाल
"
ubhaara,"	उभारा
","	उभारा
"
umanath,"	उमानाथ
","	उमनाथ
"
umesh,"	उमेश
","	उमेश
"
urf,"	उर्फ
","	यूरफी
"
urvarakon,"	उर्वरकों
","	उर्वाकरों
"
urvarata,"	उर्वरता
","	उर्वरता
"
ulate,"	उलटे
","	उलते
"
ulahana,"	उलाहना
","	उलहना
"
ulema,"	उलेमा
","	उलेमा
"
ulemaon,"	उलेमाओं
","	उलेमाओं
"
usak,"	उसक
","	उसक
"
usaki,"	उसकी
","	उसकी
"
usmein,"	उसमें
","	उसमें
"
usi,"	उसी
","	यूसीआई
"
ustara,"	उस्तरा
","	उस्तरा
"
udharv,"	ऊर्ध्व
","	उधार्व
"
ushma,"	ऊष्मा
","	उष्मा
"
rishicool,"	ऋषिकुल
","	रिशिकल
"
enzyme,"	एंजाइम
","	इज्यमे
"
anton,"	एंटोन
","	एंटों
"
antoni,"	एंटोनी
","	एंटोनी
"
endometrial,"	एंडोमेट्रियल
","	इंडमेट्रियोम
"
andreas,"	एंड्रियास
","	एंड्रेस
"
als,"	एएलएस
","	एल्स
"
asi,"	एएसआई
","	एसि
"
eksaath,"	एकसाथ
","	एकसाथ
"
ekaki,"	एकाकी
","	एकाकी
"
xm,"	एक्सएम
","	एकसीएम
"
egmor,"	एगमोर
","	एम्र
"
aj,"	एजे
","	एज
"
agende,"	एजेंडे
","	एजेंडे
"
adp,"	एडीपी
","	एड
"
adain,"	एडेन
","	अडाएं
"
addi,"	एड्डी
","	एडीडी
"
apj,"	एपीजे
","	अपज
"
ftii,"	एफटीआईआई
","	फ्याई
"
abbott,"	एबट
","	अब्बट्ट
"
abvp,"	एबीवीपी
","	अब्वप
"
abbot,"	एबोट
","	अब्बट
"
mta,"	एमटीए
","	एमटीए
"
mtake,"	एमटेक
","	म्टेक
"
emerald,"	एमरल्ड
","	एमरैंड
"
emil,"	एमिल
","	एमिल
"
amy,"	एमी
","	एम्य
"
airway,"	एयरवे
","	एयरवे
"
error,"	एरर
","	एरर
"
arica,"	एरिका
","	एरिका
"
aerobic,"	एरोबिक
","	एयरोबिक
"
lte,"	एलटीई
","	एलएच
"
allergic,"	एलर्जिक
","	एल्रिज्रिक
"
eliminator,"	एलिमिनेटर
","	एलिमियंटर
"
aliens,"	एलियंस
","	एलिंस
"
asian,"	एशियन
","	एशियन
"
sfc,"	एसएफसी
","	एसफीसी
"
sk,"	एसके
","	एसएक
"
spf,"	एसपीएफ
","	सीपीएफ
"
association,"	एसोसिएशन
","	एसोसिएशन
"
astar,"	एस्टर
","	अस्तर
"
aesthetics,"	एस्थेटिक
","	एस्टेशिक्स
"
asfalt,"	एस्फाल्ट
","	एस्फाल्ट
"
ahsaas,"	एहसास
","	अहसास
"
aisa,"	एेसा
","	एसा
"
ainth,"	ऐंठ
","	ऐंठ
"
ainthey,"	ऐंठे
","	ऐंठे
"
aithan,"	ऐठन
","	ऐठन
"
ail,"	ऐल
","	एल
"
alaps,"	ऐल्प्स
","	अलाप्स
"
aise,"	ऐसे
","	एसे
"
oxide,"	ऑक्साइड
","	ऑक्सीड
"
oxy,"	ऑक्सी
","	ऑक्सी
"
offers,"	ऑफर्स
","	ऑफर्स
"
offshor,"	ऑफशोर
","	ऑफ्लर
"
official,"	ऑफिशियल
","	ऑफिसियल
"
okalahoma,"	ओकलाहोमा
","	ओकलहोमा
"
oklahoma,"	ओक्लाहोमा
","	ओकलहा
"
ot,"	ओत
","	ऑट
"
opel,"	ओपेल
","	ओपेल
"
obrayan,"	ओब्रायन
","	ओबरायन
"
oran,"	ओरण
","	ओरन
"
orian,"	ओरियन
","	ओरियन
"
olavrishti,"	ओलावृष्टि
","	ओलावृश्टि
"
ovum,"	ओवम
","	यूवम
"
oceanic,"	ओशनिक
","	ओकाइन
"
osaka,"	ओसाका
","	ओसका
"
auchity,"	औचित्य
","	ऑचिट्य
"
audhyogikaran,"	औद्योगिकरण
","	औद्योगिक्राम
"
aurangabad,"	औरंगाबाद
","	औरंगाबाद
"
aurora,"	औरोरा
","	ऑरोरा
"
aulakh,"	औलख
","	अलखक
"
kankad,"	कंकड़
","	कंकाड़
"
kankad,"	कंकर
","	कंकाड़
"
kangan,"	कंगन
","	कंगन
"
conjunction,"	कंजंक्शन
","	कंजिक्शन
"
contemporary,"	कंटेम्पररी
","	कंटेक्रोपरी
"
kanthahar,"	कंठहार
","	कंठहर
"
composer,"	कंपोजर
","	कंपर्स
"
kambalon,"	कंबलों
","	कंबलों
"
consultant,"	कंसलटेंट
","	कंसल्टन
"
kakkad,"	कक्कड़
","	कक्कड़
"
kacche,"	कच्चे
","	कच्चे
"
karta,"	कटरा
","	कर्ता
"
cutlery,"	कटलरी
","	कटलीरी
"
katasaraj,"	कटासराज
","	कटासराज
"
kathfodave,"	कठफोड़वे
","	कठोड़ावा
"
kathor,"	कठोर
","	कथोर
"
kanika,"	कणिका
","	कनिका
"
kathai,"	कत्थई
","	कथाई
"
convention,"	कनवेंशन
","	कॉन्वेक्शन
"
canals,"	कनाल
","	कैनल्स
"
kanindham,"	कनिंघम
","	कनिंधम
"
kanishthika,"	कनिष्ठिका
","	कनिष्ठिका
"
kanyaayen,"	कन्याएं
","	कन्याएं
"
convention,"	कन्वेंशन
","	कॉन्वेक्शन
"
convocation,"	कन्वोकेशन
","	कॉन्वेक्शन
"
cup,"	कप
","	कप
"
kapda,"	कपड़ा
","	कपड़ा
"
kapdo,"	कपड़ो
","	कप्डो
"
kaping,"	कपिंग
","	कपिंग
"
kapolkalpana,"	कपोलकल्पना
","	कपोलकालना
"
kabaddi,"	कबड्डी
","	कबाद्दी
"
kabr,"	कब्र
","	कब्र
"
kabren,"	कब्रें
","	कबरें
"
kabron,"	कब्रों
","	कबरों
"
kamjor,"	कमज़ोर
","	कमजोर
"
kamatar,"	कमतर
","	कमतर
"
kalamjeet,"	कमलजीत
","	कलमजीत
"
kamaauu,"	कमाऊ
","	कमाौय
"
kamaate,"	कमाते
","	कमाते
"
kamere,"	कमेरे
","	कमेरे
"
karanj,"	करंज
","	करंज
"
karanjiya,"	करंजिया
","	करणजीय
"
kardhe,"	करघे
","	कर्धे
"
karachana,"	करछना
","	कराचना
"
karna,"	करना
","	कर्ना
"
karpatri,"	करपात्री
","	कारप्तरी
"
karam,"	करम
","	करम
"
karoor,"	करूर
","	करूर
"
karnataka,"	कर्नाटका
","	कर्नताका
"
karvi,"	कर्वी
","	कर्वी
"
kalmein,"	कलमें
","	कालमें
"
kalraj,"	कलराज
","	कल्राज
"
kalika,"	कलिका
","	कालिका
"
kalpanaon,"	कल्पनाओं
","	कल्पनाओं
"
kavvaliyon,"	कव्वालियों
","	कव्वालियों
"
kavvali,"	कव्वाली
","	कववाली
"
kashton,"	कष्टों
","	कश्तों
"
kasarat,"	कसरत
","	कसरत
"
kasara,"	कसारा
","	कसरा
"
kasida,"	कसीदा
","	कसीदा
"
kahane,"	कहने
","	कहने
"
kahlaya,"	कहलाया
","	कहलाया
"
kahaniyon,"	कहानियों
","	कहानियों
"
kile,"	क़िले
","	किले
"
kanji,"	कांजी
","	कंजी
"
cant,"	कांट
","	केंट
"
kanti,"	कांति
","	कांटी
"
kakoo,"	काकू
","	ककू
"
kaagaj,"	कागज़
","	कागज
"
kaaji,"	काजी
","	काजी
"
kajoo,"	काजू
","	काजू
"
kapadi,"	कापड़ी
","	कपड़ी
"
kamraj,"	कामराज
","	कामराज
"
kamottejana,"	कामोत्तेजना
","	कमोत्ताग्न
"
kailana,"	कायलाना
","	कैलाना
"
carfi,"	कार्की
","	कारफी
"
kartik,"	कार्तिक
","	कार्तिक
"
karyakartaon,"	कार्यकर्ताओं
","	कार्यकार्तों
"
karyabhar,"	कार्यभार
","	कार्यभार
"
karyarat,"	कार्यरत
","	कार्यारत
"
kaalpi,"	कालपी
","	कालपी
"
kalika,"	कालिका
","	कालिका
"
kalighat,"	कालीघाट
","	कलीघाट
"
coldvel,"	काल्डवेल
","	कॉलवेडल
"
kaav,"	काव
","	काव
"
kaasht,"	काश्त
","	काश्त
"
kasim,"	कासिम
","	कसिम
"
kasimabad,"	कासिमाबाद
","	कासीमाबाद
"
kiya,"	किया
","	किया
"
kiliyan,"	किलियन
","	किलियां
"
killat,"	किल्लत
","	किल्लत
"
killi,"	किल्ली
","	किली
"
kisaani,"	किसानी
","	किसानी
"
kisanon,"	किसानों
","	किसनों
"
keede,"	कीड़े
","	कीड़े
"
keynote,"	कीनोट
","	कीनोट
"
kiratpur,"	कीरतपुर
","	किरातपुर
"
kundal,"	कुंडल
","	कुंडल
"
kundaliya,"	कुंडलियाँ
","	कुंडालिया
"
kutta,"	कुत्ता
","	कुट्टा
"
kuposhit,"	कुपोषित
","	कुपोषित
"
kumau,"	कुमाऊ
","	कुमाडु
"
kumavat,"	कुमावत
","	कुमावत
"
kural,"	कुराल
","	कुराल
"
kurmi,"	कुर्मी
","	कुर्मी
"
kursiyon,"	कुर्सियों
","	कुर्सियों
"
kush,"	कुश
","	कुश
"
kushaan,"	कुषाण
","	कुशान
"
kusumalataa,"	कुसुमलता
","	कुसुमाता
"
koot,"	कूट
","	कूट
"
kritika,"	कृतिका
","	कृतिका
"
kpo,"	केपीओ
","	कीपू
"
canterbari,"	कैंटरबरी
","	कैंटरबारी
"
candidate,"	कैंडिडेट
","	कैंडीटेड
"
katrina,"	कैटरीना
","	कत्रिना
"
caitlyn,"	कैटलिन
","	कैटल्न
"
cadmium,"	कैडमियम
","	कैडमियम
"
catholic,"	कैथोलिक
","	कैथलिक
"
catholicon,"	कैथोलिकों
","	कैटलिकों
"
capacitor,"	कैपेसिटर
","	कैपेसटर
"
carat,"	कैरेट
","	कारत
"
cavity,"	कैविटी
","	कविटी
"
cavalry,"	कैवेलरी
","	कवलर्य
"
complex,"	कॉम्प्लेक्स
","	कॉंप्लिक्स
"
kocchi,"	कोच्चि
","	कोची
"
corridor,"	कोरिडोर
","	कॉरिडर
"
corolla,"	कोरोला
","	कोरल्ला
"
caolan,"	कोलन
","	कॉलन
"
calling,"	कोलिंग
","	कॉलिंग
"
colorado,"	कोलोराडो
","	कलरोड़ों
"
kaushal,"	कौशल
","	कौशल
"
kaushalata,"	कौशलता
","	कौशलता
"
kaushambi,"	कौशाम्बी
","	कौंभासी
"
cute,"	क्यूट
","	कटे
"
cube,"	क्यूब
","	कबे
"
cubeck,"	क्यूबेक
","	कबेक
"
cubes,"	क्यूब्स
","	काबेस
"
krantiyon,"	क्रांतियों
","	क्रांतियों
"
cric,"	क्रिक
","	क्रिक
"
cricket,"	क्रिकेट
","	क्रिकेट
"
cricketer,"	क्रिकेटर
","	क्रिकेटर
"
cricketing,"	क्रिकेटिंग
","	क्रिकेटिंग
"
kriyayog,"	क्रियायोग
","	क्रियायोग
"
christian,"	क्रिश्चयन
","	क्रिस्टियन
"
kruger,"	क्रूगर
","	क्रूजर
"
craig,"	क्रेग
","	क्रेयग
"
cradle,"	क्रैडल
","	क्रेडल
"
chrom,"	क्रोम
","	क्रोम
"
client,"	क्लांइट
","	क्लाइंट
"
clock,"	क्लाक
","	क्लॉक
"
clasen,"	क्लासें
","	क्लाइजन
"
classon,"	क्लासों
","	क्लास्सन
"
clay,"	क्ले
","	क्ले
"
claris,"	क्लेरिस
","	क्लारिस
"
quantico,"	क्वांटिको
","	क्वांटिकों
"
queens,"	क्वींस
","	क्वींस
"
kshitij,"	क्षितिज
","	क्षितिज
"
kshin,"	क्षीण
","	क्षिन
"
kshetron,"	क्षेत्रों
","	क्षेत्रों
"
khand,"	खंडा
","	खंड
"
khachakhach,"	खचाखच
","	खचकच
"
khajarana,"	खजराना
","	खजरारा
"
khatakati,"	खटकती
","	खटकती
"
khattapan,"	खट्टापन
","	खट्टापन
"
khat,"	खत
","	खट
"
khani,"	खनि
","	खानी
"
khanik,"	खनिक
","	खानिक
"
khanikarm,"	खनिकर्म
","	खनिकार्म
"
khapat,"	खपत
","	खपट
"
khariya,"	खरिया
","	खरिया
"
khalnayak,"	खलनायक
","	खलनायक
"
khaaskar,"	ख़ासकर
","	खासकार
"
khaastaur,"	ख़ासतौर
","	खासतार
"
khaibar,"	ख़ैबर
","	खैबर
"
khaein,"	खाएं
","	खाएं
"
khaate,"	खाते
","	खाते
"
khal,"	खाल
","	खल
"
khinchakar,"	खिंचकर
","	खिंचकर
"
khilana,"	खिलाना
","	खिलना
"
khinchkar,"	खींचकर
","	खींचकर
"
khuda,"	खुदा
","	खुड़ा
"
khudai,"	खुदाई
","	खुदाई
"
khurapka,"	खुरपका
","	खुरापका
"
khurasan,"	खुरासान
","	खुरासन
"
khushiyan,"	खुशियां
","	खुशियां
"
khene,"	खेने
","	खेने
"
khaini,"	खैनी
","	खैनी
"
khairati,"	खैराती
","	खैरती
"
khoikhoi,"	खोईखोई
","	खोइखो
"
khoya,"	खोया
","	खोया
"
gangrel,"	गंगरेल
","	गंगरेल
"
gangaajal,"	गंगाजल
","	गंगाजल
"
gandaki,"	गंडकी
","	गंडकी
"
gandh,"	गंध
","	गंध
"
gae,"	गए
","	गे
"
gajara,"	गजरा
","	गजरा
"
gadkar,"	गडकर
","	गड़कर
"
ganapati,"	गणपति
","	गणपति
"
gatisheel,"	गतिशील
","	गतिशील
"
gatishilata,"	गतिशीलता
","	गतिशिलता
"
gadadhar,"	गदाधर
","	गड़ाधर
"
gammat,"	गम्मत
","	गममत
"
gaya,"	गया
","	गाया
"
garibi,"	गरीबी
","	गरीबी
"
garjana,"	गर्जना
","	गर्जना
"
galgand,"	गलगंड
","	गलगंद
"
gahmagahmi,"	गहमागहमी
","	गहमगामी
"
ganguly,"	गांगुली
","	गंगुल्य
"
gaanth,"	गांठ
","	गांठ
"
gaanthe,"	गांठे
","	गांठे
"
ganthen,"	गांठें
","	गंठें
"
ganthon,"	गांठों
","	गंथों
"
gaen,"	गाएं
","	गैन
"
gazi,"	गाज़ी
","	गाजी
"
gajipur,"	गाजीपुर
","	गाजीपुर
"
gayatri,"	गायत्री
","	गयात्री
"
gidgidate,"	गिड़गिड़ाते
","	गिज्डीटाइड
"
ginate,"	गिनते
","	गिनते
"
girkar,"	गिरकर
","	गिरकर
"
girijaghar,"	गिरजाघर
","	गिरिजाघर
"
girijagharon,"	गिरजाघरों
","	गिरिजाधरों
"
girati,"	गिरती
","	गिराती
"
girish,"	गिरीश
","	गिरिश
"
guan,"	गुआन
","	गुण
"
gujar,"	गुजार
","	गुजर
"
gujarata,"	गुजारता
","	गुजराता
"
gujarate,"	गुजारते
","	गुजराते
"
gujarana,"	गुजारना
","	गुजराना
"
gujara,"	गुजारा
","	गुजरा
"
gujare,"	गुजारे
","	गुजरे
"
gutta,"	गुट्टा
","	गुट्टा
"
gthalidar,"	गुठलीदार
","	गोटालिदार
"
gudna,"	गुदना
","	गुड़ना
"
gumaan,"	गुमान
","	गुमान
"
gulshan,"	गुलशन
","	गुल्शान
"
gunga,"	गूंगा
","	गुंगा
"
grihnagar,"	गृहनगर
","	गृहनगर
"
galaxion,"	गैलेक्सियों
","	गैलेक्शन
"
gochar,"	गोचर
","	गोचर
"
godara,"	गोदारा
","	गोड़रा
"
gopichand,"	गोपीचंद
","	गोपिचंद
"
gomake,"	गोमके
","	गोमके
"
goel,"	गोयल
","	गोल
"
gosvaami,"	गोस्वामी
","	गोस्वामी
"
gaumukh,"	गौमुख
","	गौमुख
"
gaumutr,"	गौमूत्र
","	गौमुत्र
"
granthiyaan,"	ग्रंथियां
","	ग्रांथियां
"
grandhiyon,"	ग्रंथियों
","	ग्रांधियों
"
greest,"	ग्रीस्ट
","	ग्रीस्ट
"
greg,"	ग्रेग
","	ग्रेग
"
granite,"	ग्रेनाइट
","	ग्रेनेट
"
grandson,"	ग्रैंडसन
","	ग्रेंडसन
"
gross,"	ग्रॉस
","	ग्रोस
"
ghataatop,"	घटाटोप
","	घटातोप
"
ghataayaa,"	घटाया
","	घटाया
"
ghanakar,"	घनाकार
","	घनकार
"
ghabrahat,"	घबराहट
","	घरबरह
"
ghasi,"	घासी
","	घसी
"
ghisai,"	घिसाई
","	घिसाई
"
ghisi,"	घिसी
","	घिसी
"
ghise,"	घिसे
","	घिसे
"
ghumakkadi,"	घुमक्कड़ी
","	घुमककावी
"
ghumakkadon,"	घुमक्कड़ों
","	घुमक्काड़ों
"
ghumaan,"	घुमाण
","	घुमान
"
ghoonsa,"	घूंसा
","	घूंसा
"
ghongha,"	घोंघा
","	घोंघा
"
ghontane,"	घोंटने
","	घोंटने
"
ghot,"	घोट
","	घोट
"
ghodi,"	घोड़ी
","	घोड़ी
"
ghost,"	घोस्ट
","	घोस्त
"
changul,"	चंगुल
","	चंगुल
"
chand,"	चंद
","	चंद
"
chandan,"	चंदन
","	चंडन
"
chandu,"	चंदू
","	चंडु
"
chandon,"	चंदों
","	चंदों
"
chandrabali,"	चंद्रबली
","	चंद्रबाली
"
chandramaon,"	चंद्रमाओं
","	चंद्रमाओं
"
chakatte,"	चकत्ते
","	चकत्ते
"
chakkar,"	चक्कर
","	चक्कर
"
chakshu,"	चक्षु
","	चक्षु
"
chatagaon,"	चटगांव
","	चतागों
"
chadhane,"	चढ़ने
","	चढ़ाने
"
chaturdik,"	चतुर्दिक
","	चटुर्चिक
"
chatunshkoniy,"	चतुष्कोणीय
","	चटुंक्षायी
"
channa,"	चन्ना
","	चन्ना
"
chabate,"	चबाते
","	चबते
"
chabutare,"	चबूतरे
","	चबुतरे
"
chamakna,"	चमकना
","	चमकना
"
charas,"	चरस
","	चरस
"
charit,"	चरित
","	चरित
"
charcha,"	चर्चा
","	चर्चा
"
charchaon,"	चर्चाओं
","	चर्चाओं
"
chalenge,"	चलेंगे
","	चलेंगे
"
chahunaur,"	चहुंओर
","	चाहुनार
"
chanval,"	चांवल
","	चंवाल
"
chachaji,"	चाचाजी
","	चाचजी
"
chadar,"	चादर
","	चड़र
"
chadaron,"	चादरों
","	चड़रों
"
chan,"	चान
","	चन
"
chanan,"	चानन
","	चनन
"
chaplusi,"	चापलूसी
","	चप्लूसी
"
chayal,"	चायल
","	चयल
"
char,"	चार
","	चार
"
charon,"	चारों
","	चरों
"
charge,"	चार्ज
","	चर्गे
"
chart,"	चार्ट
","	चार्ट
"
charton,"	चार्टों
","	चर्तों
"
charts,"	चार्ट्स
","	चार्ट्स
"
chaalit,"	चालित
","	चालित
"
chikitsak,"	चिकित्सक
","	चिकित्सक
"
chikitsakon,"	चिकित्सकों
","	चिकित्सकों
"
chikhali,"	चिखली
","	चिखली
"
chiththi,"	चिट्ठी
","	चित्ति
"
chithhi,"	चिठ्ठी
","	चिठी
"
chidchidapan,"	चिडचिडापन
","	चिड़िचड़ापन
"
chidchidapan,"	चिड़चिड़ापन
","	चिड़िचड़ापन
"
chidhate,"	चिढ़ते
","	चिधाते
"
chithrkar,"	चित्रकार
","	चित्रकार
"
chipakane,"	चिपकने
","	चिपकाने
"
chimati,"	चिमटी
","	चिमती
"
chillane,"	चिल्लाने
","	चिलनाई
"
chee,"	ची
","	ची
"
chuka,"	चुका
","	चुका
"
chune,"	चुने
","	चुने
"
chunar,"	चूनर
","	चुनर
"
changed,"	चेंज्ड
","	चेंगेड
"
chetti,"	चेट्टी
","	चेत्ति
"
chennai,"	चेन्नई
","	चेननाई
"
chero,"	चेरो
","	चेरो
"
chest,"	चेस्ट
","	चेस्ट
"
championship,"	चैंपियनशिप
","	चंपीशिपों
"
chor,"	चोर
","	चोर
"
choro,"	चोरों
","	चोरो
"
chauk,"	चौक
","	चौक
"
chauka,"	चौका
","	चौका
"
chaukiyan,"	चौकियां
","	चौकियां
"
chauki,"	चौकी
","	चौकी
"
chaukhate,"	चौखटे
","	चौखते
"
chauguni,"	चौगुनी
","	चौगुनी
"
chauda,"	चौड़ा
","	चौड़ा
"
chaudahavan,"	चौदहवां
","	चौदहवान
"
chaupati,"	चौपाटी
","	चौपती
"
chaupal,"	चौपाल
","	चौपल
"
chaurai,"	चौरई
","	चौराई
"
chausinga,"	चौसिंगा
","	चौसिंगा
"
chhagan,"	छगन
","	छगन
"
chhabi,"	छबि
","	छबी
"
chhalla,"	छल्ला
","	छल्ला
"
chhaviyaan,"	छवियाँ
","	छावियां
"
chhavi,"	छवी
","	छावी
"
cheh,"	छह
","	चेह
"
chehon,"	छहों
","	चेहों
"
chhai,"	छाई
","	छाई
"
chhagla,"	छागला
","	छगला
"
chhajan,"	छाजन
","	छजन
"
chhaati,"	छाती
","	छाति
"
chhaapemaar,"	छापेमार
","	छापेमार
"
chheenk,"	छींक
","	छिंक
"
chenkein,"	छींके
","	चेंकें
"
chhudaane,"	छुडाने
","	छुड़ाने
"
chhupakar,"	छुपकर
","	छुपकर
"
chhupata,"	छुपता
","	छुपता
"
chhura,"	छुरा
","	छुरा
"
chhuree,"	छुरी
","	छुरी
"
chhure,"	छुरे
","	छुरे
"
chhootane,"	छूटने
","	छूटने
"
chheter,"	छेत्र
","	छेटर
"
chhetri,"	छेत्री
","	छेत्री
"
chai,"	छै
","	चाय
"
jagaega,"	जगाएगा
","	जगागे
"
jajaon,"	जजों
","	जजाओं
"
jad,"	जड़
","	जड़
"
jaddit,"	जड़ित
","	जड़ित
"
jadein,"	जड़ें
","	जादें
"
jatara,"	जतरा
","	जतारा
"
jataati,"	जताती
","	जताती
"
janagananaa,"	जनगणना
","	जनगनाना
"
janajagran,"	जनजागरण
","	जनजार्गन
"
january,"	जनवरी
","	जनुरी
"
janahaani,"	जनहानि
","	जन्हानी
"
jamaate,"	जमाती
","	जमाते
"
jamaaya,"	जमाया
","	जमाया
"
jamuai,"	जमुई
","	जमुई
"
jai,"	जय
","	जई
"
jaidayal,"	जयदयाल
","	जयदायल
"
jaibaan,"	जयबाण
","	जयबान
"
jayalalita,"	जयललिता
","	जयलीलता
"
jarakh,"	जरख
","	जरख
"
jarda,"	जर्दा
","	जर्दा
"
jalagati,"	जलगति
","	जलगति
"
jalte,"	जलते
","	जलते
"
jalbharav,"	जलभराव
","	जलभारवार
"
jalvaayu,"	जलवायु
","	जलवायु
"
jalesar,"	जलेसर
","	जलेसर
"
jasmeet,"	जसमीत
","	जस्मीत
"
jassee,"	जस्सी
","	जस्सी
"
jamaanaa,"	ज़माना
","	जमाना
"
jaljale,"	ज़लज़ले
","	जलजाले
"
zee,"	ज़ी
","	जी
"
jubaan,"	ज़ुबान
","	जुबान
"
jaanch,"	जाँच
","	जांच
"
jaagriti,"	जागृति
","	जागृति
"
jajamau,"	जाजमऊ
","	जजमाव
"
jaat,"	जात
","	जात
"
jaatak,"	जातक
","	जातक
"
jaatakon,"	जातकों
","	जातकों
"
jaatiyon,"	जातियों
","	जातियों
"
jaankaaron,"	जानकारों
","	जानकारों
"
jaanam,"	जानम
","	जानम
"
jaayke,"	जायके
","	जायके
"
jaawar,"	जावर
","	जावर
"
jing,"	जिंग
","	जिंग
"
gin,"	जिन
","	गिन
"
ginee,"	जिनी
","	गिनी
"
geneva,"	जिनीवा
","	जेनेवा
"
gypsy,"	जिप्सी
","	ज्ञप्यी
"
jimme,"	जिम्मे
","	जिम्मे
"
jiya,"	जिया
","	जिया
"
gic,"	जीआईसी
","	गीआईसी
"
gr,"	जीआर
","	ग्रे
"
gm,"	जीएम
","	जीएम
"
gsm,"	जीएसएम
","	जीएमएस
"
gtod,"	जीतोड़
","	गोड
"
jean,"	जीन
","	जीन
"
jeenon,"	जीनों
","	जीनों
"
jeepney,"	जीपनी
","	जीपनी
"
jeeyo,"	जीयो
","	जीयों
"
jeera,"	जीरा
","	जीरा
"
jeevant,"	जीवंत
","	जीवंत
"
jeevan,"	जीवन
","	जीवन
"
jeevanshaili,"	जीवनशैली
","	जीवनशीली
"
jeevniyaan,"	जीवनियां
","	जीविनियां
"
jeevraaj,"	जीवराज
","	जीवराज
"
jua,"	जुए
","	जुआ
"
jutee,"	जुटी
","	जुटी
"
judaai,"	जुड़ाई
","	जुदाई
"
judaai,"	जुदाई
","	जुदाई
"
junoon,"	जुनून
","	जुनून
"
junooni,"	जुनूनी
","	जुनूनी
"
jubair,"	जुबेर
","	जुबेर
"
juraab,"	जुराब
","	जुराब
"
julaahon,"	जुलाहों
","	जुलाहों
"
julmon,"	जुल्मों
","	जूलमों
"
jood,"	जूड
","	जूड
"
junagadh,"	जूनागढ
","	जुनागढ़
"
junior,"	जूनियर
","	जनियर
"
jealous,"	जूलूस
","	जीलास
"
jetha,"	जेठा
","	जेठा
"
jenner,"	जेनर
","	जेनिर
"
generic,"	जेनरिक
","	जेनेरिक
"
generat,"	जेनरेट
","	जेनरेट
"
jenee,"	जेनी
","	जेनी
"
james,"	जेम्स
","	जेम्स
"
jeremy,"	जेरेमी
","	जेरमी
"
gerome,"	जेरोम
","	गेरोम
"
jacks,"	जैक्स
","	जैक्स
"
jain,"	जैन
","	जैन
"
gene,"	जैने
","	जेने
"
jaino,"	जैनों
","	जैनो
"
jerry,"	जैरी
","	जेर्य
"
jasper,"	जैस्पर
","	जस्पर
"
jogging,"	जॉगिंग
","	जोगिंग
"
johnson,"	जॉनसन
","	जोंसन
"
jobs,"	जॉब्स
","	जॉब्स
"
jockey,"	जोकि
","	जॉकी
"
jokhim,"	जोखिम
","	जोखिम
"
joddta,"	जोड़ता
","	जोड़ता
"
jodiyon,"	जोड़ियों
","	जोड़ियों
"
jodo,"	जोड़ो
","	जोड़ो
"
jaun,"	जौं
","	जौन
"
gyatavya,"	ज्ञातव्य
","	ज्ञात्यव
"
gyapit,"	ज्ञापित
","	ज्ञापित
"
jyotiba,"	ज्योतिबा
","	ज्योतिबा
"
joint,"	ज्वाइंट
","	जॉइंट
"
jvar,"	ज्वार
","	ज्वर
"
jvaaron,"	ज्वारों
","	ज्वारों
"
jewellers,"	ज्वेलर्स
","	ज्वेलर्स
"
jh,"	झ
","	ज
"
jhalakti,"	झलकती
","	झलकति
"
jhalla,"	झल्ला
","	झल्ला
"
jhankana,"	झांकना
","	झंकाना
"
jheel,"	झील
","	झील
"
jheelon,"	झीलों
","	झीलों
"
jhuthala,"	झुठला
","	झुठला
"
jhuthalane,"	झुठलाने
","	झुठलाने
"
tankaar,"	टंकार
","	तंकार
"
takara,"	टकरा
","	टकरा
"
takaraon,"	टकरावों
","	टकरारों
"
tapakti,"	टपकती
","	तपक्ति
"
time,"	टाइम
","	टीमे
"
timer,"	टाइमर
","	टाइमर
"
taoo,"	टाऊ
","	ताओ
"
tapoowo,"	टापुओं
","	टपूवो
"
tied,"	टायर्ड
","	टीड
"
tarch,"	टार्च
","	तर्च
"
tik,"	टिक
","	टिक
"
teap,"	टिप
","	टीप
"
tippanikar,"	टिप्पणीकार
","	टिप्पकिकार
"
tivolee,"	टिवोली
","	तिवोली
"
teekamgarh,"	टीकमगढ़
","	टीकामगढ़
"
teekon,"	टीकों
","	टीकों
"
two,"	टु
","	ट्वो
"
tension,"	टेंशन
","	टेंसियन
"
tenis,"	टेनिस
","	टेनिस
"
taste,"	टेस्ट
","	तस्ते
"
tasting,"	टेस्टिंग
","	तस्तिंग
"
tainin,"	टैनिन
","	टैनिन
"
tanish,"	टैनिस
","	तनिष
"
taboo,"	टैबू
","	तबू
"
tonic,"	टॉनिक
","	टोनिक
"
tonga,"	टोंगा
","	टोंगा
"
toka,"	टोका
","	टोका
"
tuesday,"	ट्यूजडे
","	ट्येसडे
"
tuning,"	ट्यूनिंग
","	ट्यूनिंग
"
tuberculosis,"	ट्यूबरक्यूलोसिस
","	ट्रब्लक्सिय
"
truck,"	ट्रक
","	ट्रॉक
"
trangistor,"	ट्रांजिस्टर
","	ट्रांगिस्टर
"
transfer,"	ट्रान्सफर
","	ट्रांसफर्ट
"
tribunal,"	ट्रिब्युनल
","	त्रिबुलन
"
tribunal,"	ट्रिब्यूनल
","	त्रिबुलन
"
truth,"	ट्रुथ
","	त्रुथ
"
traded,"	ट्रेडेड
","	ट्रेडेड
"
trabal,"	ट्रेबल
","	ट्रबल
"
traip,"	ट्रैप
","	ट्रेप
"
trot,"	ट्रॉट
","	ट्रोट
"
thakkar,"	ठक्कर
","	ठक्कर
"
thaharne,"	ठहरने
","	ठहरने
"
thikane,"	ठिकाने
","	ठिकाने
"
thumari,"	ठुमरी
","	थूमरी
"
theinga,"	ठेंगा
","	थेंगा
"
daglas,"	डगलस
","	डेल्लस
"
dabhara,"	डभरा
","	दभरा
"
dabhoi,"	डभोई
","	दबेह
"
dam,"	डम
","	डम
"
darate,"	डराते
","	डरते
"
daravani,"	डरावनी
","	दरवानी
"
down,"	डाउन
","	डोवन
"
daak,"	डाक
","	दाक
"
daka,"	डाका
","	डका
"
dabi,"	डाबी
","	दबी
"
dabolim,"	डाबोलिम
","	डबलिम
"
dinosaur,"	डायनासोर
","	दिनोसुर
"
diaries,"	डायरीज
","	डायरियर
"
dit,"	डिट
","	डिट
"
depthiriya,"	डिप्थीरिया
","	डेप्टिरीय
"
de,"	डीई
","	डे
"
dealership,"	डीलरशिप
","	दीलर्षिप
"
dvc,"	डीवीसी
","	डीवीसी
"
dubaana,"	डुबाना
","	दुबाना
"
dubona,"	डुबोना
","	दूबोना
"
dulne,"	डुलने
","	डूलने
"
doonarpur,"	डूंगरपुर
","	दूनरपुर
"
dubana,"	डूबना
","	दूबना
"
dangerous,"	डेंजरस
","	डांगरेस
"
daisy,"	डेजी
","	डैस्य
"
deputy,"	डेप्युटी
","	डेपुटी
"
davidson,"	डेविडसन
","	डाविड्सन
"
davey,"	डेवी
","	देवी
"
destination,"	डेस्टिनेशन
","	डेस्टिनेशन
"
datson,"	डैटसन
","	दत्सों
"
daddy,"	डैडी
","	दड्डी
"
dark,"	डॉर्क
","	डर्क
"
dose,"	डोज
","	डोसे
"
domenic,"	डोमेनिक
","	डोमेनिक
"
doranda,"	डोरंडा
","	दोरंडा
"
dolane,"	डोलने
","	डोलने
"
dual,"	ड्युअल
","	डुएल
"
duak,"	ड्यूक
","	दुक
"
drame,"	ड्रामे
","	ड्रेम
"
drager,"	ड्रेजर
","	ड्रेगर
"
dhakaal,"	ढकाल
","	ढकाल
"
dhale,"	ढले
","	ढाले
"
dhoondh,"	ढूंढ
","	धूंध
"
dhoondhata,"	ढूंढता
","	धूंधता
"
dhoondhi,"	ढूंढी
","	ढूंधी
"
tanjavur,"	तंजावुर
","	तंजावुर
"
tantr,"	तंत्र
","	तंत्र
"
tantrikao,"	तंत्रिकाओं
","	तंत्रिकाओं
"
tantro,"	तंत्रों
","	तंत्रों
"
tagade,"	तगड़े
","	तगड़े
"
tadipaar,"	तड़ीपार
","	तादीपार
"
tani,"	तनी
","	तनी
"
tapan,"	तपन
","	तपन
"
tarafa,"	तरफा
","	तराफा
"
tarabganj,"	तरबगंज
","	तरबंग
"
taras,"	तरस
","	तरस
"
taraash,"	तराश
","	तराश
"
tarashay,"	तराशे
","	तराशय
"
tareeko,"	तरीको
","	तरीको
"
tark,"	तर्क
","	तर्क
"
tarkvaad,"	तर्कवाद
","	तर्कवाद
"
tarko,"	तर्कों
","	टर्कों
"
talabgaar,"	तलबगार
","	तलबगार
"
talawe,"	तलवे
","	तलवे
"
talawon,"	तलवों
","	तलावों
"
tahakhana,"	तहखाना
","	तहखाना
"
taantaa,"	तांता
","	तांता
"
tambe,"	तांबे
","	तंबे
"
taaja,"	ताजा
","	ताजा
"
tansen,"	तानसेन
","	टांसेन
"
taapmaanon,"	तापमानों
","	तापमानों
"
taapti,"	ताप्ती
","	ताप्ति
"
tarabai,"	ताराबाई
","	तरबाई
"
taseer,"	तासीर
","	तसीर
"
taahi,"	ताहि
","	ताही
"
tikone,"	तिकोने
","	टिकोन
"
tirupati,"	तिरूपति
","	तिरूपति
"
tiwari,"	तिवारी
","	तिवारी
"
ti,"	ती
","	ति
"
teer,"	तीर
","	टीर
"
teeron,"	तीरों
","	तीरों
"
tirthatan,"	तीर्थाटन
","	तिर्थतन
"
tungnath,"	तुंगनाथ
","	तुंगनाथ
"
tughlaq,"	तुगलक
","	तुघल
"
tughlakabad,"	तुगलकाबाद
","	तुघल्काबाद
"
tugalaki,"	तुगलकी
","	तुगलकी
"
tufail,"	तुफैल
","	तुफेल
"
tejaji,"	तेजाजी
","	तेजजी
"
teji,"	तेजी
","	तेजी
"
tel,"	तेल
","	टेल
"
telon,"	तेलों
","	टेलों
"
to,"	तो
","	टो
"
taul,"	तौल
","	तौल
"
tyohaar,"	त्यौहार
","	त्याहार
"
tyauharon,"	त्यौहारों
","	त्यायारोह
"
trijata,"	त्रिजटा
","	त्रिजता
"
triya,"	त्रिया
","	त्रिया
"
tremasik,"	त्रैमासिक
","	ट्रेमासिक
"
tse,"	त्से
","	ट्से
"
thaki,"	थकी
","	ठकी
"
tharti,"	थर्टी
","	थर्ती
"
thane,"	थाणे
","	ठाने
"
thaanvi,"	थानवी
","	ठांवी
"
theateron,"	थिएटरों
","	थीटरों
"
theaters,"	थिएटर्स
","	थीटर्स
"
theater,"	थियेटर
","	थीटर
"
theateron,"	थियेटरों
","	थीटरों
"
theaters,"	थियेटर्स
","	थीटर्स
"
thirake,"	थिरके
","	थिरके
"
thief,"	थीफ
","	थिफ
"
then,"	थेन
","	ठें
"
theni,"	थेनी
","	ठेनी
"
thailee,"	थैली
","	थेली
"
thaile,"	थैले
","	थेले
"
dang,"	दंग
","	डेंग
"
danga,"	दंगा
","	डंगा
"
dangon,"	दंगों
","	डंगों
"
dampati,"	दंपति
","	दंपति
"
dampatiyon,"	दंपतियों
","	दंपतियों
"
dadreva,"	ददरेवा
","	देद्रेवा
"
damoh,"	दमोह
","	दमोह
"
dardara,"	दरदरा
","	दरदरा
"
darmiyaan,"	दरमियान
","	दर्मियां
"
darjano,"	दर्जनों
","	दर्जनों
"
darp,"	दर्प
","	डर्प
"
darra,"	दर्रा
","	दरा
"
dalbadal,"	दलबदल
","	दलबादल
"
dali,"	दली
","	दली
"
dastaanaa,"	दस्ताना
","	दस्ताना
"
dastavej,"	दस्तावेज
","	दस्तवेज
"
dahan,"	दहन
","	दहन
"
dahal,"	दहल
","	दहल
"
da,"	दा
","	डा
"
daakhil,"	दाखिल
","	दाखिल
"
daakhile,"	दाखिले
","	दाखिले
"
daataa,"	दाता
","	दाता
"
dadari,"	दादरी
","	दादरी
"
daanshil,"	दानशील
","	दांशिल
"
daabholkar,"	दाभोलकर
","	दाभलकर
"
damale,"	दामले
","	दमले
"
dayitv,"	दायित्व
","	दायित्व
"
dayitvon,"	दायित्वों
","	दायित्वों
"
darul,"	दारूल
","	दरुल
"
daav,"	दाव
","	दाव
"
daah,"	दाह
","	दाह
"
dikhla,"	दिखला
","	दिखला
"
dikhaaiye,"	दिखाइये
","	दिखाएए
"
dikhaai,"	दिखाई
","	दिखाई
"
dikhaaee,"	दिखाईं
","	दिखाई
"
dikhai,"	दिखायी
","	दिखाई
"
dikhaai,"	दिखार्इ
","	दिखाई
"
dita,"	दिता
","	दिता
"
dinaank,"	दिनांक
","	दिनांक
"
dirham,"	दिरहम
","	दिराम
"
dilaaye,"	दिलाये
","	दिलाए
"
deewani,"	दिवानी
","	दीवानी
"
divy,"	दिव्य
","	दिव्य
"
divyata,"	दिव्यता
","	दिव्यता
"
divya,"	दिव्या
","	दिव्य
"
deepan,"	दीपन
","	दीपन
"
deepsingh,"	दीपसिंह
","	दीपिंश
"
deepika,"	दीपिका
","	दीपिका
"
deeya,"	दीया
","	दीया
"
dukaanon,"	दुकानों
","	दुकानों
"
dukke,"	दुक्के
","	दुक्के
"
dukhan,"	दुखन
","	दुखन
"
dukhit,"	दुखित
","	दुखित
"
dukhiyon,"	दुखियों
","	दुखियों
"
dukhon,"	दुखों
","	दुखों
"
dubhashiyon,"	दुभाषियों
","	दुभाषियों
"
durgun,"	दुर्गुण
","	दुर्गुण
"
durghatna,"	दुर्घटना
","	दुर्घटना
"
duneerti,"	दुर्नीति
","	दुनीर्ति
"
durbhiksh,"	दुर्भिक्ष
","	दुर्भिक्ष
"
duvidhaaen,"	दुविधाएं
","	दुविधाएं
"
dune,"	दूने
","	दूने
"
doordarshan,"	दूरदर्शन
","	दूरदर्शन
"
dradh,"	दृढ़
","	द्राध
"
dekhoge,"	देखोगे
","	देखोगे
"
denevaali,"	देनेवाली
","	देनेवाली
"
deonar,"	देवनार
","	दीनार
"
devaapur,"	देवापुर
","	देवापुर
"
devi,"	देवी
","	देवी
"
devisingh,"	देवीसिंह
","	डेविसिंह
"
deshkaal,"	देशकाल
","	देशकाल
"
deshke,"	देशके
","	देशके
"
desai,"	देसाई
","	देसई
"
doge,"	दोगे
","	डोगे
"
dvadash,"	द्वादश
","	द्वादश
"
dvivedi,"	द्विवेदी
","	द्विवेदी
"
dhande,"	धंधे
","	धंडे
"
dhandhon,"	धंधों
","	धंधों
"
dhakelte,"	धकेलते
","	ढकेलते
"
dhatana,"	धटना
","	ढटना
"
dhankuber,"	धनकुबेर
","	धनंकबुर
"
dhanadhany,"	धनधान्य
","	धनाधन्य
"
dhamkaataa,"	धमकाता
","	धमकाता
"
dhamm,"	धम्म
","	धम्म
"
dhamma,"	धम्मा
","	धममा
"
dharmnath,"	धर्मनाथ
","	धर्मनाथ
"
dharmraj,"	धर्मराज
","	धर्मराज
"
dharmesh,"	धर्मेश
","	धर्मेश
"
dhasmaanaa,"	धस्माना
","	धस्माना
"
dhaak,"	धाक
","	ढाक
"
dhaaga,"	धागा
","	धागा
"
dhaatuein,"	धातुएं
","	धातुएं
"
dhaarak,"	धारक
","	धारक
"
dhaari,"	धारी
","	धारी
"
dhuan,"	धुआं
","	धुंक
"
dhunaai,"	धुनाई
","	धुनाई
"
dhuriya,"	धुरिया
","	धुरिया
"
dhuni,"	धूनी
","	धुनी
"
dhairyavaan,"	धैर्यवान
","	धैर्यवाम
"
dhokebaaj,"	धोखेबाज
","	धोकेबाज
"
dhona,"	धोना
","	धोना
"
dhoraaji,"	धोराजी
","	धोराजी
"
dhoron,"	धोरों
","	धोरों
"
dhyeyavaadi,"	ध्येयवादी
","	ध्यायवाई
"
dhrupad,"	ध्रुपद
","	धुरपुड
"
nandanvan,"	नंदनवन
","	नंदवन
"
nadsa,"	नक्सल
","	नडसा
"
naksalavaad,"	नक्सलवाद
","	नकसालवाद
"
naksaliyon,"	नक्सलियों
","	नकसालियों
"
naksali,"	नक्सली
","	नकसाली
"
nagaada,"	नगाड़ा
","	नगाड़ा
"
nageene,"	नगीने
","	नगीने
"
najarandaaj,"	नजरंदाज
","	नजरादंज
"
najraane,"	नजराने
","	नजराने
"
najariyon,"	नजरियों
","	नजरियों
"
najron,"	नजरों
","	नजरों
"
najeeb,"	नजीब
","	नजीब
"
najibabaad,"	नजीबाबाद
","	नजीबाबाद
"
najeem,"	नजीम
","	नजीम
"
nana,"	नना
","	नाना
"
nanhe,"	नन्हें
","	नन्हे
"
nabj,"	नब्ज़
","	नब्ज
"
namkeen,"	नमकीन
","	नमकीन
"
narnaari,"	नरनारी
","	नर्णारी
"
narbhakshi,"	नरभक्षी
","	नर्भक्षी
"
naram,"	नरम
","	नरम
"
narmi,"	नरमी
","	नर्मी
"
narsanhar,"	नरसंहार
","	नरसंहर
"
narsanharon,"	नरसंहारों
","	नर्सनाहोरण
"
november,"	नवंबर
","	नवेंबर
"
navketan,"	नवकेतन
","	नवकेतन
"
navjaagaran,"	नवजागरण
","	नवजागरण
"
navdha,"	नवधा
","	नव्धा
"
navvadhoo,"	नववधू
","	नववाधो
"
nava,"	नवा
","	नवा
"
navate,"	नवाते
","	नवाते
"
navanagar,"	नवानगर
","	नवानगर
"
navya,"	नव्या
","	नव्य
"
naseem,"	नसीम
","	नसीम
"
nights,"	नाइट्रस
","	नाइट्स
"
nineteez,"	नाइनटीज
","	निनीतिज
"
nau,"	नाऊ
","	नौ
"
naakaam,"	नाकाम
","	नाकाम
"
naagrik,"	नागारिक
","	नाग्रिक
"
nagin,"	नागिन
","	नगीन
"
nadep,"	नाडेप
","	नेडेप
"
nanak,"	नानक
","	नाक
"
nanavati,"	नानावती
","	नानावती
"
napane,"	नापने
","	नपने
"
napa,"	नापा
","	नपा
"
naam,"	नाम
","	नाम
"
naamdhari,"	नामधारी
","	नामधारी
"
namankano,"	नामांकनों
","	नमकनांों
"
namavaliyon,"	नामावलियों
","	नमवालियों
"
naamo,"	नामो
","	नामो
"
nayak,"	नायक
","	नयक
"
naraji,"	नाराजी
","	नराजी
"
naraingarh,"	नारायणगढ़
","	नराइंगरह
"
naasar,"	नासर
","	नासर
"
nahargadh,"	नाहरगढ
","	नहरार्ध
"
nikalegi,"	निकलेगी
","	निकलेगी
"
nikaalani,"	निकालनी
","	निकालनी
"
nicki,"	निकी
","	निक्की
"
niketan,"	निकेतन
","	निकेटन
"
nikhar,"	निखर
","	निखर
"
nikhari,"	निखरी
","	निखरी
"
nigar,"	निगर
","	निगर
"
nichala,"	निचला
","	निचला
"
nitiyon,"	नितियों
","	नितियों
"
nitya,"	नित्या
","	नित्य
"
nidhaan,"	निधान
","	निधान
"
nipatara,"	निपटारा
","	निपटरा
"
niyanta,"	नियंता
","	नियंता
"
niya,"	निया
","	निया
"
nirdeshika,"	निर्देशिका
","	निर्देशिका
"
nirdhaarit,"	निर्धारित
","	निर्धारित
"
nirbaadh,"	निर्बाध
","	निर्बाध
"
niveshakartaa,"	निवेशकर्ता
","	निवेशकार्ता
"
nischal,"	निश्चल
","	निश्चल
"
nishnaat,"	निष्णात
","	निश्नात
"
nishpaap,"	निष्पाप
","	निष्पाप
"
nihalaani,"	निहलानी
","	निहलानी
"
nihaalchand,"	निहालचंद
","	निहालचंद
"
neechaaee,"	नीचाई
","	नीचाए
"
neat,"	नीट
","	नीट
"
neetiyon,"	नीतियों
","	नीतियों
"
neelagaay,"	नीलगाय
","	नीलागय
"
neelaabh,"	नीलाभ
","	नीलाभ
"
nuskhe,"	नुस्खे
","	नुस्खे
"
noon,"	नून
","	नून
"
noobiyaa,"	नूबिया
","	नूबिया
"
nrityashaili,"	नृत्यशैली
","	नृत्याशिली
"
nrityon,"	नृत्यों
","	नृत्यों
"
neco,"	नेको
","	नेको
"
nectar,"	नेक्टर
","	नेक्टर
"
neg,"	नेग
","	नेग
"
networking,"	नेटवर्किग
","	नेटवर्किंग
"
neto,"	नेटो
","	नेटो
"
neta,"	नेता
","	नेता
"
nemo,"	नेमो
","	नेमो
"
nelsan,"	नेल्सन
","	नेलसन
"
nations,"	नेशंस
","	नेटिजन
"
nehara,"	नेहरा
","	नेहारा
"
naino,"	नैनो
","	नैनो
"
naivedh,"	नैवेद्य
","	नैवेध
"
nominate,"	नॉमिनेट
","	नोमिनेट
"
naukari,"	नोकरी
","	नौकरी
"
notes,"	नोट्स
","	नोटस
"
nora,"	नोरा
","	नोरा
"
nori,"	नोरी
","	नोरी
"
nauner,"	नौनेर
","	नौनर
"
nauvahan,"	नौवहन
","	नौवहन
"
naushad,"	नौशाद
","	नौषद
"
panchaang,"	पंचांग
","	पंचांग
"
punjab,"	पंजाब
","	पुज्जब
"
punjabiyon,"	पंजाबियों
","	पुज्नबियों
"
pantar,"	पंटर
","	पंतर
"
pakaayein,"	पकाएं
","	पकाएं
"
pakaude,"	पकौड़े
","	पकौड़े
"
pakshapat,"	पक्षपात
","	पश्चपत
"
pagabadha,"	पगबाधा
","	पगबदाह
"
pagalaa,"	पगला
","	पगला
"
pachaataa,"	पचाता
","	पचाता
"
patakkar,"	पटककर
","	पटककर
"
patkathaayein,"	पटकथाएं
","	पत्काठाएं
"
patki,"	पटकी
","	पट्की
"
pataraani,"	पटरानी
","	पतरानी
"
patavaari,"	पटवारी
","	पतवारी
"
pataakshep,"	पटाक्षेप
","	पटाक्षेप
"
patiya,"	पटिया
","	पटिया
"
padaraunaa,"	पडरौना
","	पदरानु
"
padega,"	पड़ेगा
","	पडेगा
"
padha,"	पढ़ा
","	पढ़ा
"
padhaataa,"	पढ़ाता
","	पढ़ाता
"
patili,"	पतीली
","	पटिली
"
padamawati,"	पदमावती
","	पदमावती
"
padadhikari,"	पदाधिकारी
","	पदाधिकीर
"
panapnaa,"	पनपना
","	पनपना
"
panaamaa,"	पनामा
","	पनामा
"
paneer,"	पनीर
","	पनीर
"
pammi,"	पम्मी
","	पम्मी
"
pardesiyon,"	परदेसियों
","	पर्डिसियों
"
pardesi,"	परदेसी
","	परदेसी
"
parva,"	परवा
","	परवा
"
paraadheen,"	पराधीन
","	पराधीन
"
parikalpit,"	परिकल्पित
","	परिकल्पित
"
parimal,"	परिमल
","	परिमल
"
parishad,"	परिषद
","	परिशद
"
parishadiy,"	परिषदीय
","	परिशदीय
"
parishadon,"	परिषदों
","	परिशदों
"
parikhaen,"	परीक्षाएं
","	परखिएं
"
parosane,"	परोसने
","	परोसने
"
parda,"	पर्दा
","	परदा
"
purple,"	पर्पल
","	पर्पल
"
palatne,"	पलटने
","	पलटने
"
palaari,"	पलारी
","	पलारी
"
pale,"	पले
","	पले
"
palmonari,"	पल्मोनरी
","	पलमोरी
"
plus,"	पल्स
","	प्लस
"
pashtun,"	पश्तून
","	पशुत्न
"
pahan,"	पहन
","	पहन
"
pahantaa,"	पहनता
","	पहनता
"
pahanate,"	पहनते
","	पहनते
"
pahnaakar,"	पहनाकर
","	पहनाकर
"
pahnaati,"	पहनाती
","	पहनाती
"
pahani,"	पहनी
","	पहनी
"
pahno,"	पहनो
","	पहनो
"
pahla,"	पहला
","	पहला
"
paheliyaan,"	पहेलियां
","	पहेलियां
"
paheliyon,"	पहेलियों
","	पहेलियों
"
pide,"	पाइड
","	पिड़े
"
pythagoras,"	पाइथागोरस
","	पिटगारोस
"
paakhandi,"	पाखंडी
","	पाखंडी
"
paathshaalaayein,"	पाठशालाएं
","	पाठशाएल
"
paathyakram,"	पाठ्यक्रम
","	पाठ्यकर्म
"
paathyakramon,"	पाठ्यक्रमों
","	पाठ्यकर्मों
"
population,"	पापुलेशन
","	पोपोलियों
"
pailot,"	पायलट
","	पेलोट
"
pailoton,"	पायलटों
","	पेलोटों
"
paarampariktaa,"	पारंपरिकता
","	पार्वंक्तिकार
"
parnel,"	पार्नेल
","	पर्नेल
"
parleron,"	पार्लरों
","	परलरों
"
paarshad,"	पार्षद
","	पारशद
"
paarshadon,"	पार्षदों
","	पार्शदों
"
policy,"	पालिसी
","	पॉलिसी
"
pinta,"	पिंटा
","	पिंता
"
piega,"	पिएगा
","	पीगे
"
pic,"	पिक
","	पिक
"
piki,"	पिकी
","	पिकी
"
picture,"	पिक्चर
","	पिक्टर
"
pigmentation,"	पिगमेंटेशन
","	पिज्टेमेशन
"
pigs,"	पिग्स
","	पिग्स
"
pichde,"	पिछड़े
","	पिचड़े
"
pijja,"	पिज्जा
","	पिज्जा
"
pitaamaha,"	पितामह
","	पितामाहा
"
pipra,"	पिपरा
","	पिप्रा
"
pipli,"	पिपली
","	पिप्ली
"
pearson,"	पियरसन
","	प्रेसन
"
peary,"	पियरी
","	पीर्य
"
pisaai,"	पिसाई
","	पिसई
"
pihaani,"	पिहानी
","	पिहानी
"
pib,"	पीआईबी
","	पिब
"
pr,"	पीआर
","	पीआर
"
pml,"	पीएमएल
","	पीएमएल
"
pmo,"	पीएमओ
","	पीएम
"
pmch,"	पीएमसीएच
","	पीएकएन
"
psv,"	पीएसवी
","	पीवीएस
"
peaking,"	पीकिंग
","	पीकिंग
"
peetne,"	पीटने
","	पीटने
"
pedia,"	पीडिया
","	पेडिया
"
peelepan,"	पीलेपन
","	पीलेपन
"
pv,"	पीवी
","	पीवी
"
pisa,"	पीसा
","	पिसा
"
putla,"	पुतला
","	पुटला
"
putaliyaan,"	पुतलियां
","	पुटलियां
"
putaliyon,"	पुतलियों
","	पुटलियों
"
putali,"	पुतली
","	पुटली
"
putale,"	पुतले
","	पुटले
"
putin,"	पुतिन
","	पुटिन
"
putul,"	पुतुल
","	पुटूल
"
punargathan,"	पुनर्गठन
","	पुनर्गध्ठ
"
puna,"	पुना
","	पुना
"
puraane,"	पुराने
","	पुराने
"
puru,"	पुरू
","	पुरु
"
purjon,"	पुर्जों
","	पुर्जों
"
pulam,"	पुलम
","	पुलम
"
pushkin,"	पुश्किन
","	पुष्किन
"
pushkarana,"	पुष्करणा
","	पुष्करणा
"
pushp,"	पुष्प
","	पुष्प
"
pushpa,"	पुष्पा
","	पुष्पा
"
pushpit,"	पुष्पित
","	पुष्पित
"
pushpon,"	पुष्पों
","	पुष्पों
"
poonjikaran,"	पूंजीकरण
","	पूंजीकारण
"
poojaapaath,"	पूजापाठ
","	पूजापाथ
"
pooranpur,"	पूरनपुर
","	पूराणपुर
"
purvaabhaas,"	पूर्वाभास
","	पूर्वाभास
"
pendulam,"	पेंडुलम
","	पेंडुलम
"
peg,"	पेग
","	पेग
"
pages,"	पेजेज
","	पेजेस
"
pace,"	पेस
","	पेस
"
pastry,"	पेस्ट्री
","	पास्ट्री
"
pangolin,"	पैंगोलिन
","	पंगोलिन
"
packard,"	पैकर्ड
","	पैकर्ड
"
package,"	पैकेज
","	पैकेज
"
packageon,"	पैकेजों
","	पैकलजें
"
paim,"	पैम
","	पैम
"
paratrooper,"	पैराट्रूपर
","	परत्रपुर
"
paranormal,"	पैरानॉर्मल
","	परणरोम
"
paraffin,"	पैराफिन
","	परफिन
"
parabola,"	पैराबोला
","	परबलो
"
polimer,"	पॉलिमर
","	पॉलियर
"
polishing,"	पॉलिशिंग
","	पोलिशिंग
"
pokar,"	पोकर
","	पोकर
"
polish,"	पोलिश
","	पोलिश
"
poshit,"	पोषित
","	पोषित
"
posta,"	पोस्ता
","	पोस्ता
"
pau,"	पौ
","	पौ
"
pyade,"	प्यादे
","	प्यादे
"
prakriya,"	प्रक्रिया
","	प्रक्रिया
"
prakshepak,"	प्रक्षेपक
","	प्रक्षेपक
"
pratigya,"	प्रतिज्ञा
","	प्रतिग्य
"
pratibhutiyan,"	प्रतिभूतियां
","	प्रतिभूतियां
"
pratiyon,"	प्रतियों
","	प्रतियों
"
prativaad,"	प्रतिवाद
","	प्रतिवाद
"
prativadi,"	प्रतिवादी
","	प्रतिवादी
"
pratishat,"	प्रतिशत
","	प्रतिशात
"
praneet,"	प्रनीत
","	प्रणीत
"
prapaat,"	प्रपात
","	प्रपात
"
prapaaton,"	प्रपातों
","	प्रपातों
"
prabodhini,"	प्रबोधिनी
","	प्रबोधिनी
"
prayaasrat,"	प्रयासरत
","	प्रयास्रत
"
pradarshan,"	प्रर्दशन
","	प्रदर्शन
"
pravati,"	प्रवत्ति
","	प्रवाती
"
prashaasanik,"	प्रशासनिक
","	प्रशासिक
"
prashaasanon,"	प्रशासनों
","	प्रशासनों
"
prashikshu,"	प्रशिक्षु
","	प्रशिक्षु
"
prastaavon,"	प्रस्तावों
","	प्रस्तावों
"
prahlaad,"	प्रहलाद
","	प्रहलाद
"
prahasan,"	प्रहसन
","	प्रहसन
"
prahaarak,"	प्रहारक
","	प्रहाराक
"
prahad,"	प्रह्लाद
","	प्रहद
"
privacy,"	प्राइवेसी
","	प्रिविसी
"
praakkathan,"	प्राक्कथन
","	प्रकक्थ
"
praan,"	प्राण
","	प्राण
"
pranon,"	प्राणों
","	प्रणों
"
prathamik,"	प्राथमिक
","	प्रथारिक
"
praathmikata,"	प्राथमिकता
","	प्रार्थिक्ता
"
prathmiki,"	प्राथमिकी
","	प्रथामिकी
"
pradhyapakon,"	प्राध्यापकों
","	प्रध्यापकों
"
prapt,"	प्राप्त
","	प्राप्त
"
prapti,"	प्राप्ती
","	प्राप्ति
"
praroop,"	प्रारूप
","	प्रारूप
"
priyamani,"	प्रियामणि
","	प्रियमनी
"
proof,"	प्रूफ
","	प्रूफ
"
prekshakon,"	प्रेक्षकों
","	प्रेक्षकों
"
prem,"	प्रेम
","	प्रेम
"
premlata,"	प्रेमलता
","	प्रेमलता
"
prema,"	प्रेमा
","	प्रेमा
"
premi,"	प्रेमी
","	प्रेमी
"
profit,"	प्रॉफिट
","	प्रोफिट
"
processing,"	प्रॉसेसिंग
","	प्रोसेसिंग
"
programers,"	प्रोग्रामर्स
","	प्रोग्रायर्स
"
proto,"	प्रोटो
","	प्रोटो
"
propellant,"	प्रोपेलेंट
","	प्रोपेलैंट
"
praudh,"	प्रौढ
","	प्रौढ़
"
plan,"	प्लेन
","	प्लान
"
fund,"	फंड
","	फंड
"
funda,"	फंडा
","	फुंडा
"
funding,"	फंडिंग
","	फंडिंग
"
fandon,"	फंदों
","	फंडों
"
fagua,"	फगुआ
","	फगुआ
"
fatane,"	फटने
","	फटने
"
fadfadata,"	फड़फड़ाता
","	फड़फड़ता
"
fatehgadh,"	फतेहगढ़
","	फतेगढ़
"
fabti,"	फब्ती
","	फाब्टी
"
farse,"	फरसे
","	फर्से
"
farheen,"	फरहीन
","	फरीहीन
"
farth,"	फर्थ
","	फर्थ
"
farmion,"	फर्मिऑन
","	फर्मियन
"
farookhabad,"	फर्रुखाबाद
","	फरुखबाद
"
farookhnagar,"	फर्रूखनगर
","	फरुखनर
"
falata,"	फलता
","	फलता
"
falne,"	फलने
","	फलने
"
falitarth,"	फलितार्थ
","	फलीतार्थ
"
falibhoot,"	फलीभूत
","	फलीभूत
"
favvara,"	फव्वारा
","	फववरा
"
favvare,"	फव्वारे
","	फववरे
"
favvaron,"	फव्वारों
","	फववरों
"
faisala,"	फ़ैसला
","	फैसला
"
follow,"	फ़ॉलो
","	फोलो
"
faansi,"	फांसी
","	फांसी
"
fatama,"	फातमा
","	फतमा
"
faaf,"	फाफ
","	फाफ
"
farsi,"	फारसी
","	फर्सी
"
farm,"	फार्म
","	फर्म
"
farmic,"	फार्मिक
","	फर्मिक
"
formulae,"	फार्मूले
","	फॉर्मुले
"
pharmacy,"	फार्मेसी
","	फर्मासी
"
pharma,"	फार्मों
","	फरमा
"
farms,"	फार्म्स
","	फर्मस
"
finger,"	फिंगर
","	फिंगर
"
fikra,"	फिक्र
","	फिक्रा
"
physician,"	फिजिशियन
","	फिजिसियन
"
firti,"	फिरती
","	फार्टी
"
fisla,"	फिसला
","	फिस्ला
"
feeder,"	फीडर
","	फीडर
"
fulaaye,"	फुलाए
","	फुलाये
"
furti,"	फूर्ति
","	फुर्ती
"
fus,"	फूस
","	फुस
"
feka,"	फेका
","	फेका
"
fefada,"	फेफड़ा
","	फेफाड़ा
"
facial,"	फेशियल
","	फेसियल
"
fact,"	फैक्ट
","	फैक्ट
"
federal,"	फैडरल
","	फेडरल
"
failkar,"	फैलकर
","	फैलकर
"
failaaiye,"	फैलाइए
","	फैलाये
"
failegi,"	फैलेगी
","	फैलेगी
"
font,"	फॉन्ट
","	फॉन्ट
"
fogat,"	फोगाट
","	फोगत
"
fod,"	फोड़
","	फोड
"
foda,"	फोड़ा
","	फोड़ा
"
fode,"	फोड़े
","	फोड़े
"
fodo,"	फोड़ों
","	फोडो
"
fortis,"	फोर्टिस
","	फोर्टिस
"
fusion,"	फ्यूजन
","	फुसियों
"
fuji,"	फ्यूजी
","	फुजी
"
francisca,"	फ्रांसिस्का
","	फ्रांसिक्सा
"
francisco,"	फ्रांसिस्को
","	फ्रांसिक्स
"
fringe,"	फ्रिंज
","	फ्रिंगे
"
friendship,"	फ्रेंडशिप
","	फ्रेंविश्प
"
frost,"	फ्रॉस्ट
","	फ्रोस्ट
"
flin,"	फ्लिन
","	फ्लाइन
"
flesh,"	फ्लेश
","	फ्लेश
"
bang,"	बंग
","	बैंग
"
bangbandhu,"	बंगबंधु
","	बंगबंधु
"
bangbhang,"	बंगभंग
","	बंगबंह
"
bangash,"	बंगश
","	बंगश
"
bantane,"	बंटने
","	बंटने
"
bandhati,"	बंधती
","	बंधाति
"
bandhan,"	बंधान
","	बंधन
"
bandhuon,"	बंधुओं
","	बंधुओं
"
bamba,"	बंबा
","	बंबा
"
bakaayon,"	बकायों
","	बकायों
"
bakaul,"	बकौल
","	बकौल
"
baksa,"	बक्सा
","	बकसा
"
baksi,"	बक्सी
","	बकसी
"
bakse,"	बक्से
","	बकसे
"
bakhshane,"	बख्शने
","	बख्शने
"
bagad,"	बगड़
","	बगद
"
bageechi,"	बगीची
","	बगीची
"
bachat,"	बचत
","	बचात
"
bachati,"	बचती
","	बचती
"
bajana,"	बजना
","	बजना
"
bajrangi,"	बजरंगी
","	बजरंगी
"
bajaj,"	बजाज
","	बजज
"
batalvi,"	बटालवी
","	बतलवी
"
badhachadhakar,"	बढ़ाचढ़ाकर
","	बधाधाकार
"
badata,"	बढ़ाता
","	बड़ता
"
badhaati,"	बढ़ाती
","	बढ़ाती
"
badhayi,"	बढ़ायी
","	बढ़ायी
"
badhav,"	बढ़ाव
","	बधाव
"
badhotari,"	बढ़ोतरी
","	बधोरेत
"
batlaae,"	बतलाए
","	बतलाई
"
batlaakar,"	बतलाकर
","	बतलाकर
"
badlapur,"	बदलापुर
","	बदलापुर
"
badali,"	बदली
","	बदली
"
badam,"	बदाम
","	बदाम
"
banva,"	बनवा
","	बनवा
"
banaam,"	बनाम
","	बनाम
"
baniya,"	बनिया
","	बनिया
"
banu,"	बनू
","	बनु
"
barpaayaa,"	बरपाया
","	बरपाया
"
barsa,"	बरसा
","	बरसा
"
barsaata,"	बरसाता
","	बरसाता
"
barhad,"	बरहद
","	बरहद
"
baraat,"	बरात
","	बरात
"
baraamad,"	बरामद
","	बरामद
"
baramade,"	बरामदे
","	बरमादे
"
bare,"	बरे
","	बेरे
"
birth,"	बर्थ
","	बिर्थ
"
baljeet,"	बलजीत
","	बलजीत
"
ballabh,"	बल्लभ
","	बल्लभ
"
balla,"	बल्ला
","	बल्ला
"
balli,"	बल्ली
","	बल्ली
"
basava,"	बसावा
","	बसवा
"
bastiyon,"	बस्तियों
","	बस्तियों
"
bahroopiya,"	बहरूपिया
","	बहरूपिया
"
bahamaas,"	बहामास
","	बहमास
"
bahaav,"	बहाव
","	बहाव
"
bahavalpur,"	बहावलपुर
","	बहवालपुर
"
bahuchara,"	बहुचरा
","	बहुचरा
"
banthia,"	बांठिया
","	बंथिया
"
bandhate,"	बांधते
","	बंधाते
"
banbi,"	बांबी
","	बंबी
"
bounceron,"	बाउंसरों
","	बाउंसरों
"
bowling,"	बाउलिंग
","	बॉलिंग
"
baku,"	बाकू
","	बकु
"
baag,"	बाग
","	बाग
"
bagabani,"	बागबानी
","	बगबानी
"
bagali,"	बागली
","	बगली
"
baagiyon,"	बागियों
","	बागियों
"
baago,"	बागो
","	बागो
"
baji,"	बाज़ी
","	बजी
"
bajaru,"	बाजारू
","	बजारू
"
bajuon,"	बाजुओं
","	बजुओं
"
badh,"	बाध
","	बढ़
"
badha,"	बाधा
","	बढ़ा
"
baadhaaon,"	बाधाओं
","	बाधाओं
"
baadhit,"	बाधित
","	बाधित
"
baani,"	बानी
","	बानी
"
baapa,"	बापा
","	बापा
"
baabat,"	बाबत
","	बाबत
"
bayern,"	बायर्न
","	बयर्न
"
barah,"	बारह
","	बराह
"
baarahamaasee,"	बारहमासी
","	बारामाशासी
"
barahsinga,"	बारहसिंगा
","	बर्सांतिागा
"
bala,"	बाला
","	बला
"
baalti,"	बाल्टी
","	बालती
"
baldvin,"	बाल्डविन
","	बलद्विय
"
bavaji,"	बावजी
","	बवाजी
"
baawaraa,"	बावरा
","	बावरा
"
baahulya,"	बाहुल्य
","	बाहुल्या
"
box,"	बाॅक्स
","	बॉक्स
"
bikherati,"	बिखेरती
","	बिखेरती
"
biggest,"	बिगेस्ट
","	बिग्सेट्स
"
bichhua,"	बिछुआ
","	बिछुआ
"
biji,"	बिजी
","	बिजी
"
bipin,"	बिपिन
","	बिपिन
"
bilae,"	बिलाई
","	बिलाई
"
billa,"	बिल्ला
","	बिल्ला
"
bilhaur,"	बिल्हौर
","	बिलहौर
"
bisva,"	बिस्वा
","	बिस्वा
"
bag,"	बीएजी
","	बग
"
bikaner,"	बीकानेर
","	बिकनर
"
bikaneri,"	बीकानेरी
","	बिकनेरी
"
bk,"	बीके
","	बीके
"
beejak,"	बीजक
","	बीजक
"
beef,"	बीफ
","	बीफ
"
beem,"	बीम
","	बीम
"
beemon,"	बीमों
","	बीमों
"
beerganj,"	बीरगंज
","	बीरगंज
"
beesavaan,"	बीसवां
","	बीसवान
"
beast,"	बीस्ट
","	बिस्ट
"
budvig,"	बुडविग
","	बुडविग
"
bull,"	बुल
","	बुल
"
bulaao,"	बुलाओ
","	बुलाओ
"
bule,"	बुले
","	बुले
"
bulletin,"	बुलेटिन
","	बुलेटिन
"
brijesh,"	बृजेश
","	ब्रिजेश
"
benvar,"	बेंवर
","	बेंवर
"
beaulad,"	बेऔलाद
","	बियूड
"
bekaaboo,"	बेकाबू
","	बेकाबो
"
bechakar,"	बेचकर
","	बेचकर
"
bechate,"	बेचते
","	बेचते
"
bediyan,"	बेड़ियां
","	बेडियां
"
bethanal,"	बेथनल
","	बेथनल
"
benis,"	बेनिस
","	बेनिस
"
belacha,"	बेलचा
","	बेलचा
"
belinda,"	बेलिंडा
","	बेलिंदा
"
bevkufana,"	बेवकूफाना
","	बेवुकुना
"
besahaaraa,"	बेसहारा
","	बेसहारा
"
basin,"	बेसिन
","	बेसिन
"
basil,"	बेसिल
","	बेसिल
"
bandage,"	बैंडेज
","	बंदेज
"
baithantey,"	बैठते
","	बैठंते
"
baitool,"	बैतूल
","	बैटूल
"
baini,"	बैनी
","	बैनी
"
bairakpur,"	बैरकपुर
","	बैराकपुर
"
baila,"	बैला
","	बैला
"
ballistic,"	बैलिस्टिक
","	बॉलिस्टिक्स
"
bells,"	बैल्स
","	बेल्स
"
bostan,"	बॉस्टन
","	बोस्टन
"
bokaro,"	बोकारो
","	बोकरो
"
bodara,"	बोदरा
","	बोदारा
"
bona,"	बोना
","	बोना
"
borkar,"	बोरकर
","	बोरकर
"
borivali,"	बोरीवली
","	बोरिवाली
"
born,"	बोर्न
","	बॉर्न
"
bolane,"	बोलने
","	बोलने
"
boliae,"	बोलिए
","	बोलिय
"
bosaan,"	बोसान
","	बोसान
"
bauni,"	बौनी
","	बौनी
"
byaawa,"	ब्यावर
","	ब्यावा
"
brajesh,"	ब्रजेश
","	ब्रेजेश
"
brahmalin,"	ब्रह्मलीन
","	ब्रह्मालिन
"
bravo,"	ब्रावो
","	ब्रावो
"
brigatn,"	ब्रिगटन
","	ब्रिगटन
"
brigadier,"	ब्रिगेडियर
","	ब्रिगाइडर
"
britain,"	ब्रिटेन
","	ब्रिटाइन
"
breed,"	ब्रीद
","	ब्रीड
"
brock,"	ब्रोक
","	ब्रॉक
"
brocken,"	ब्रोकन
","	ब्रॉकें
"
blosam,"	ब्लॉसम
","	ब्लोम
"
bhagaane,"	भगाने
","	भगाने
"
bhadakaaya,"	भड़काया
","	भड़काका
"
bhabhoot,"	भभूत
","	भाभूत
"
bhay,"	भय
","	भय
"
bhayo,"	भयो
","	भयो
"
bharatanatyam,"	भरतनाट्यम्
","	भरतान्तमय
"
bharate,"	भरते
","	भरते
"
bharani,"	भरनी
","	भरनी
"
bharane,"	भरने
","	भरने
"
bhara,"	भरा
","	भरा
"
bhavishya,"	भविष्य
","	भविष्य
"
bhaate,"	भाते
","	भाते
"
bhanu,"	भानू
","	भानु
"
bhabar,"	भाबर
","	भाबर
"
bhareeye,"	भारीय
","	भरीय
"
bhavanaon,"	भावनाओं
","	भवानाओं
"
bhaskar,"	भास्कर
","	भस्कर
"
bheed,"	भीड़
","	भीड़
"
bheera,"	भीरा
","	भीरा
"
bheesham,"	भीष्म
","	भीषम
"
bhugat,"	भुगत
","	भुगत
"
bhugata,"	भुगता
","	भुगता
"
bhutto,"	भुट्टो
","	भुट्टों
"
bhumi,"	भुमि
","	भूमी
"
bhurbhura,"	भुरभुरा
","	भुरुभर
"
bhookh,"	भूख
","	भूख
"
bhookhi,"	भूखी
","	भूखी
"
bhoogol,"	भूगोल
","	भूगोल
"
bhootal,"	भूतल
","	भूटल
"
bhoopsingh,"	भूपसिंह
","	भूपिंश
"
bhumi,"	भूमी
","	भूमी
"
bhulata,"	भूलता
","	भुलता
"
bhula,"	भूला
","	भुला
"
bhooli,"	भूली
","	भूली
"
bhulo,"	भूलो
","	भूलो
"
bhulon,"	भूलों
","	भूलों
"
bhusi,"	भूसी
","	भुसी
"
bhooswaami,"	भूस्वामी
","	भूसवामी
"
bhengapan,"	भेंगापन
","	भेंगपतान
"
bhairavnath,"	भैरवनाथ
","	भैरवन्थ
"
bhairo,"	भैरो
","	भैरो
"
bhogatey,"	भोगते
","	भोगते
"
bhola,"	भोला
","	भोला
"
bholi,"	भोली
","	भोली
"
bholu,"	भोलू
","	भोलू
"
bhaunho,"	भौंहों
","	भौंझों
"
bhraant,"	भ्रांत
","	भ्रांत
"
bhraanti,"	भ्रांति
","	भ्रांति
"
bhraantiyan,"	भ्रांतियां
","	भ्रांतियां
"
bhraantiyon,"	भ्रांतियों
","	भ्रांतियों
"
mangesh,"	मंगेश
","	मंगेश
"
manch,"	मंच
","	मंच
"
manchit,"	मंचित
","	मंचित
"
mancheeye,"	मंचीय
","	मंचीय
"
manchon,"	मंचों
","	मंचों
"
manjil,"	मंजिल
","	मंजिल
"
manjila,"	मंजिला
","	मंजीला
"
manjilein,"	मंजिलें
","	मंजीलें
"
manto,"	मंटो
","	मंटो
"
mantriyon,"	मंत्रियों
","	मंत्रियों
"
makrani,"	मकरानी
","	मकरानी
"
maksad,"	मक्सद
","	मकसद
"
makhdumpur,"	मखदुमपुर
","	मखुरुपुर
"
machaaye,"	मचाए
","	मचाये
"
machaanon,"	मचानों
","	मचानों
"
madaura,"	मढ़ौरा
","	मदारु
"
manipal,"	मणिपाल
","	मनिपाल
"
matpatron,"	मतपत्रों
","	मतपत्रों
"
matthe,"	मत्थे
","	मत्ते
"
matsyavatar,"	मत्स्यावतार
","	मत्स्वायतार
"
masyendranath,"	मत्स्येंद्रनाथ
","	मस्योंद्रनाथ
"
madhupur,"	मधुपुर
","	मधुपुर
"
manmarji,"	मनमर्जी
","	मंमर्जी
"
manae,"	मनाए
","	मनाई
"
mam,"	मम
","	मैम
"
maryokar,"	मयोर्का
","	मार्योकर
"
mardaani,"	मरदानी
","	मर्दानी
"
marmar,"	मरमर
","	मर्मर
"
maratha,"	मराठा
","	मराठा
"
marathi,"	मराठी
","	मराठी
"
marji,"	मर्जी
","	मर्जी
"
mardanagi,"	मर्दानगी
","	मर्दनगी
"
mardo,"	मर्दों
","	मार्डों
"
maryaadaa,"	मर्यादा
","	मर्यादा
"
maryaadaaon,"	मर्यादाओं
","	मर्यादाओं
"
malaga,"	मलागा
","	मलगा
"
malaar,"	मलार
","	मलार
"
mashrak,"	मशरक
","	मश्रक
"
masaaledaar,"	मसालेदार
","	मसालेदार
"
masoor,"	मसूर
","	मसूर
"
masse,"	मस्से
","	मासे
"
mahakane,"	महकने
","	महाकने
"
mahalon,"	महलों
","	महालों
"
mahagranth,"	महाग्रंथ
","	महाग्रंध
"
mahajan,"	महाजन
","	महाजन
"
mahathir,"	महाथिर
","	महातिर
"
mahanatam,"	महानतम
","	महानतम
"
mahanideshak,"	महानिदेशक
","	महादेशिकें
"
mahapauron,"	महापौरों
","	महापूरों
"
mahapran,"	महाप्राण
","	महाप्रण
"
mahamantr,"	महामंत्र
","	महामंत्र
"
maharaja,"	महाराजा
","	महराजा
"
mahavigyan,"	महाविज्ञान
","	महाविज्ञान
"
mahavidya,"	महाविद्या
","	महाविद्य
"
mahavishnu,"	महाविष्णु
","	महाविश्यों
"
mahasingh,"	महासिंह
","	महासिंह
"
mahipal,"	महिपाल
","	महिपाल
"
mahin,"	महीन
","	महिं
"
mahinon,"	महीनों
","	महिनों
"
maang,"	मांग
","	मांग
"
mangani,"	मांगनी
","	मंगनी
"
maanga,"	मांगा
","	मांगा
"
maangi,"	मांगी
","	मांगी
"
maange,"	मांगे
","	मांगे
"
mango,"	मांगो
","	मंगो
"
maori,"	माओरी
","	मॉरी
"
maajin,"	माजिन
","	माजिन
"
mathe,"	माथे
","	मठे
"
maap,"	माप
","	माप
"
mamooli,"	मामूली
","	ममूली
"
mame,"	मामे
","	मेम
"
maarvaad,"	मारवाड़
","	मारवाद
"
maariya,"	मारिया
","	मारिया
"
maariyo,"	मारियो
","	मारियो
"
martha,"	मार्था
","	मर्था
"
maalish,"	मालिश
","	मालीश
"
mave,"	मावे
","	मेव
"
maas,"	मास
","	मास
"
maason,"	मासों
","	मासों
"
mitaao,"	मिटाओ
","	मिताओ
"
mithaai,"	मिठाई
","	मिथाई
"
media,"	मिडिया
","	मेडिया
"
mithila,"	मिथिला
","	मिथिला
"
mithilanchal,"	मिथिलांचल
","	मिथलिंचल
"
mithya,"	मिथ्या
","	मिथ्या
"
mimicry,"	मिमिक्री
","	मिमिक्री
"
milkiyat,"	मिल्कियत
","	मिलकियत
"
misha,"	मिशा
","	मिशा
"
mungeri,"	मुंगेरी
","	मंगरी
"
mundva,"	मुंडवा
","	मुंड्वा
"
munshiganj,"	मुंशीगंज
","	मुशिंगगंज
"
mukarte,"	मुकरते
","	मुकर्ते
"
mukhopadhyaya,"	मुखोपाध्याय
","	मुखूद्याफी
"
mukhyamantri,"	मुख्यमंत्री
","	मुख्यमंत्री
"
munaf,"	मुनाफ
","	मुनाफ
"
munafa,"	मुनाफा
","	मुनाफा
"
munnu,"	मुन्नू
","	मुन्नु
"
mufalisi,"	मुफलिसी
","	मुफलीसी
"
mubarakpur,"	मुबारकपुर
","	मुबरकापुर
"
murjha,"	मुर्झा
","	मुर्झा
"
multae,"	मुल्ताई
","	मुलताई
"
mushahid,"	मुशाहिद
","	मुशाहिद
"
muhavare,"	मुहावरे
","	मुहावरे
"
mooth,"	मूठ
","	मूठ
"
mood,"	मूड
","	मूद
"
moodi,"	मूडी
","	मूदी
"
mool,"	मूल
","	मूल
"
moolchand,"	मूलचंद
","	मूल्चंद
"
moolar,"	मूलर
","	मूलर
"
moolon,"	मूलों
","	मूलों
"
maxico,"	मेक्सिको
","	मैक्सिको
"
mega,"	मेगा
","	मेगा
"
megapixal,"	मेगापिक्सल
","	मेगापिक्स
"
mejbaan,"	मेजबान
","	मेजबान
"
mejabani,"	मेजबानी
","	मेजबनी
"
mejbaan,"	मेज़बान
","	मेजबान
"
mejbaani,"	मेज़बानी
","	मेजबानी
"
mate,"	मेट
","	मेटे
"
mates,"	मेट्स
","	मेट्स
"
medical,"	मेडीकल
","	मेडिकल
"
methanol,"	मेथेनॉल
","	मेथनोल
"
menu,"	मेनू
","	मेनू
"
mem,"	मेम
","	मेम
"
melaghaat,"	मेलघाट
","	मेलाघाट
"
melaanin,"	मेलानिन
","	मेलानिन
"
melaani,"	मेलानी
","	मेलानी
"
maheman,"	मेहमान
","	महेमन
"
meharaam,"	मेहराम
","	मेहराम
"
macbook,"	मैकबुक
","	मकबूक
"
matix,"	मैट्रिक्स
","	मेटिक्स
"
mad,"	मैड
","	मड़
"
maddy,"	मैडी
","	मद्दी
"
main,"	मैन
","	मैन
"
mainan,"	मैनन
","	मैनन
"
manner,"	मैनर
","	मन्नेर
"
maina,"	मैना
","	मैना
"
maine,"	मैने
","	मैने
"
marrej,"	मैरेज
","	मार्जे
"
maisachusets,"	मैसाचुसेट्स
","	मैसाकेस्ट्स
"
maisor,"	मैसोर
","	मैसर
"
mod,"	मॉड
","	मोद
"
modern,"	मॉडर्न
","	मॉडर्न
"
module,"	मॉड्यूल
","	मोड़ले
"
modules,"	मॉड्यूल्स
","	मॉडल्स
"
mauritious,"	मॉरिशस
","	मौरिशयस
"
mogali,"	मोगली
","	मोगली
"
motive,"	मोटिव
","	मोटिव
"
mol,"	मोल
","	मोल
"
mold,"	मोल्ड
","	मोल्ड
"
moshe,"	मोशे
","	मोशे
"
mosad,"	मोसाद
","	मोसाद
"
mohana,"	मोहाना
","	मोहना
"
mohani,"	मोहानी
","	मोहनी
"
mohini,"	मोहिनी
","	मोहिनी
"
mohim,"	मोहिम
","	मोहिम
"
maukon,"	मौकों
","	मौकों
"
mauma,"	मौमा
","	मौमा
"
maurya,"	मौर्या
","	मौर्य
"
maurya,"	मौर्यों
","	मौर्य
"
maulaviyon,"	मौलवियों
","	मौलवियों
"
maule,"	मौले
","	मौले
"
mausa,"	मौसा
","	मौसा
"
yatn,"	यत्न
","	यत्न
"
yada,"	यदा
","	यादा
"
yaduvansh,"	यदुवंश
","	यदुवंश
"
jerusalem,"	यरूशलेम
","	जेरूसलेम
"
yashpaal,"	यशपाल
","	यश्पाल
"
yaatna,"	यातना
","	याटना
"
yaatanaon,"	यातनाओं
","	यातानों
"
yarayan,"	यात्राएं
","	यारायन
"
yaariyan,"	यारियां
","	यारियां
"
yaari,"	यारी
","	यारी
"
yugam,"	युग्म
","	युगम
"
yuddhrat,"	युद्धरत
","	युद्धरत
"
ukrainian,"	यूक्रेनियन
","	यूक्रिनियन
"
jerusalem,"	येरुशलम
","	जेरूसलेम
"
yorker,"	यॉर्कर
","	योर्कर
"
yojanaein,"	योजनाएं
","	योजनाएं
"
rangate,"	रंगते
","	रंगते
"
rangkata,"	रंजकता
","	रंगकता
"
raees,"	रईस
","	रायस
"
raktaabh,"	रक्ताभ
","	रक्ताभ
"
rakhna,"	रखना
","	रखना
"
raghupati,"	रघुपति
","	रघुपति
"
raghuram,"	रघुराम
","	रघुराम
"
registerd,"	रजिस्टर्ड
","	रिजिस्टर्ड
"
ratanpur,"	रतनपुर
","	रतनपुर
"
runners,"	रनर्स
","	रनर्स
"
rayan,"	रयान
","	रायन
"
ralhan,"	रल्हन
","	रालहन
"
ravish,"	रविश
","	रविष
"
ravael,"	रवैल
","	रवाल
"
rasad,"	रसद
","	रसद
"
rasaayanik,"	रसायनिक
","	रसायिक
"
rasaayanon,"	रसायनों
","	रसायों
"
rahamat,"	रहमत
","	रहमत
"
rahenge,"	रहेंगे
","	रहेंगे
"
rahegi,"	रहेगी
","	रहेगी
"
rounder,"	राउंडर
","	रुंडर
"
raak,"	राक
","	राक
"
raakhe,"	राखे
","	राखे
"
raagon,"	रागों
","	रागों
"
raghavan,"	राघवन
","	रघवान
"
raaj,"	राज
","	राज
"
rajkot,"	राजकोट
","	राजकोट
"
rajtantra,"	राजतंत्र
","	राजतंत्र
"
raajneetikaran,"	राजनीतीकरण
","	राजनीतिकारण
"
rajma,"	राजमां
","	राजमा
"
raajasva,"	राजस्व
","	राजवस्व
"
raaji,"	राजी
","	राजी
"
rajinaama,"	राजीनामा
","	राजिनामा
"
raajon,"	राजों
","	राजों
"
rana,"	राणा
","	रणा
"
raatrichar,"	रात्रिचर
","	रात्रिचार
"
raadhe,"	राधे
","	राधे
"
ranapur,"	रानापुर
","	रानापुर
"
rabin,"	राबिन
","	रबिन
"
rabha,"	राभा
","	रभा
"
ramkot,"	रामकोट
","	रामकोट
"
ramtek,"	रामटेक
","	रामटेक
"
rampur,"	रामपुर
","	रामपुर
"
rambharose,"	रामभरोसे
","	रामभरोस
"
ramraj,"	रामराज
","	रामराज
"
raalod,"	रालोद
","	रालोड
"
ravaley,"	रावले
","	रावाले
"
rasayanik,"	रासायनिक
","	रस्यानिक
"
racreation,"	रिक्रिएशन
","	रैक्रेशन
"
rig,"	रिग
","	रिग
"
riggs,"	रिग्स
","	रिग्स
"
richual,"	रिचुअल
","	रिचुल
"
reduction,"	रिडक्शन
","	रेडिक्शन
"
ripan,"	रिपन
","	रिपन
"
ria,"	रिया
","	रिया
"
rishte,"	रिश्ते
","	रिश्ट
"
risane,"	रिसने
","	रिसने
"
rihana,"	रिहाना
","	रिहना
"
regal,"	रीगल
","	रेगल
"
reasonal,"	रीजनल
","	रिसोनल
"
retreate,"	रीट्वीट
","	रिट्रेट
"
reeta,"	रीता
","	रीता
"
rukate,"	रुकते
","	रुकते
"
rugan,"	रुग्ण
","	रूगन
"
ruganta,"	रुग्णता
","	रूगंता
"
rojvelt,"	रुजवेल्ट
","	रोजेवल्ट
"
rodolph,"	रुडोल्फ
","	रोडोल्फ
"
roopesh,"	रुपेश
","	रुपेश
"
ruby,"	रुबी
","	रूबी
"
roomani,"	रुमानी
","	रूमानी
"
rukavaton,"	रूकावटों
","	रुकावतों
"
root,"	रूट
","	रूट
"
rooting,"	रूटिंग
","	रूटिंग
"
roots,"	रूट्स
","	रुट्स
"
roopak,"	रूपक
","	रुपक
"
roopi,"	रूपी
","	रुपी
"
rantle,"	रेंटल
","	रांटल
"
registan,"	रेगिस्तान
","	रेजिस्टान
"
registani,"	रेगिस्तानी
","	रिजिस्टानि
"
reja,"	रेजा
","	रेजा
"
rate,"	रेट
","	रते
"
rate,"	रेत
","	रते
"
refaeli,"	रेफेली
","	रिफाली
"
reshe,"	रेशे
","	रेशे
"
race,"	रेस
","	रेस
"
racer,"	रेसर
","	रेसर
"
racing,"	रेसिंग
","	रैसिंग
"
reson,"	रेसों
","	रिसोन
"
rehaana,"	रेहाना
","	रेहाना
"
racketeer,"	रैकेटियर
","	रैकीटर
"
radical,"	रैडिकल
","	रेडिकल
"
raith,"	रैथ
","	रैथ
"
rapping,"	रैपिंग
","	रपिंग
"
robertsan,"	रॉबर्टसन
","	रोबर्ट्सन
"
robinson,"	रॉबिंसन
","	रॉबिनों
"
royals,"	रॉयल्स
","	रॉयल्स
"
rojlin,"	रोजलिन
","	रोजिल
"
rotation,"	रोटेशन
","	रोटेशन
"
rodrigo,"	रोड्रिगो
","	रोड्रियोग
"
ronaldo,"	रोनाल्डो
","	रोनालेडों
"
ronit,"	रोनित
","	रोनिट
"
roni,"	रोनी
","	रोनी
"
ropane,"	रोपने
","	रोपने
"
robin,"	रोबिन
","	रोबिन
"
roya,"	रोया
","	रोया
"
rollers,"	रोलर्स
","	रॉलर्स
"
rovan,"	रोवन
","	रोवन
"
rosario,"	रोसारियो
","	रोसारियो
"
raubadaar,"	रौबदार
","	रबदार
"
landara,"	लंगड़ा
","	लंदरा
"
langar,"	लंगर
","	लंगर
"
langaron,"	लंगरों
","	लंगरों
"
lambi,"	लंबी
","	लंबी
"
lakeer,"	लकीर
","	लकीर
"
lakiron,"	लकीरों
","	लाकिरों
"
lakme,"	लक्मे
","	लक्मे
"
lakshmidhar,"	लक्ष्मीधर
","	लक्ष्मीधार
"
lakshy,"	लक्ष्य
","	लक्ष्य
"
lakshyon,"	लक्ष्यों
","	लक्ष्यों
"
lux,"	लक्स
","	लुक्स
"
laksar,"	लक्सर
","	लकसर
"
lakhkhi,"	लख्खी
","	लखखी
"
lagna,"	लगना
","	लगना
"
laganewale,"	लगनेवाले
","	लगनेवाले
"
lagega,"	लगेगा
","	लगेगा
"
lajjalu,"	लज्जालु
","	लज्जलु
"
latkate,"	लटकाते
","	लटकते
"
ladki,"	लड़की
","	लड़की
"
ladate,"	लड़ते
","	लड़ते
"
ladaai,"	लड़ाई
","	लदाई
"
ladaaiyon,"	लड़ाईयों
","	लड़ायियों
"
lapetane,"	लपेटने
","	लपेटने
"
labada,"	लबादा
","	लाबड़ा
"
labdh,"	लब्ध
","	लाब्ध
"
lalak,"	ललक
","	लालक
"
lalkarata,"	ललकारता
","	लालकर्ता
"
lalla,"	लल्ला
","	लॉला
"
lavasa,"	लवासा
","	लवासा
"
lassi,"	लस्सी
","	लास्सी
"
lahanaa,"	लहना
","	लहना
"
lahraee,"	लहराई
","	लहराई
"
lahalhati,"	लहलहाती
","	लहलहाति
"
lahsun,"	लहसुन
","	लहसुन
"
lanchar,"	लांचर
","	लंचर
"
lycopene,"	लाइकोपिन
","	लिपोकेन
"
lime,"	लाइम
","	लिमे
"
lives,"	लाइव्स
","	लिवेस
"
live,"	लाईव
","	लिवे
"
laegi,"	लाएगी
","	लागी
"
lagataar,"	लागातार
","	लगतार
"
laata,"	लाता
","	लाटा
"
laati,"	लाती
","	लाटी
"
layega,"	लायेगा
","	लेयेगा
"
lalpur,"	लालपुर
","	लालपुर
"
las,"	लास्ट
","	लेस
"
lindbhed,"	लिंगभेद
","	लिंडेशड
"
lindan,"	लिंडन
","	लिंडन
"
likhakar,"	लिखकर
","	लिखकर
"
ligar,"	लिगर
","	लिगर
"
liberation,"	लिबरेशन
","	लिबरेशन
"
liberation,"	लिब्रेशन
","	लिबरेशन
"
leaderon,"	लीडरों
","	लीडरों
"
louis,"	लुईस
","	लॉज
"
ludhakate,"	लुढ़कते
","	लुढ़कते
"
lutf,"	लुत्फ
","	लुफ
"
lumding,"	लुमडिंग
","	लुंडिंग
"
lootmaar,"	लूटमार
","	लूटमार
"
landal,"	लेंडल
","	लंडल
"
lega,"	लेगा
","	लेगा
"
letakar,"	लेटकर
","	लेटकर
"
lenevali,"	लेनेवाली
","	लेनेवाली
"
label,"	लेबल
","	लेबल
"
labeling,"	लेबलिंग
","	लेबेलिंग
"
labelo,"	लेबलों
","	लेबलो
"
lemon,"	लेमन
","	लेमों
"
laingadan,"	लैंगडन
","	लेंगदन
"
laigikata,"	लैंगिकता
","	लाइगिकता
"
lanset,"	लैंसेट
","	लेसेंट
"
lairi,"	लैरी
","	लायरी
"
lace,"	लैस
","	लेस
"
locket,"	लॉकेट
","	लॉकेट
"
laundry,"	लॉन्ड्री
","	लौंद्री
"
longewal,"	लोंगोवाल
","	लॉन्गेवाल
"
log,"	लोग
","	लॉग
"
loge,"	लोगे
","	लोज
"
lochdar,"	लोचदार
","	लोचड़र
"
lodi,"	लोदी
","	लोडी
"
laurence,"	लौरेंस
","	लॉरेंस
"
wonder,"	वंडर
","	वंडर
"
vansh,"	वंश
","	वंश
"
vanshdhar,"	वंशधर
","	वंशर
"
vanshavad,"	वंशवाद
","	वांशवाद
"
vajood,"	वजूद
","	वजूद
"
vadali,"	वडाली
","	वादाली
"
vanita,"	वनिता
","	वानिता
"
vareinye,"	वरेण्य
","	वरेंय
"
varn,"	वर्ण
","	वर्न
"
varnit,"	वर्णित
","	वर्नित
"
vartamaan,"	वर्तमान
","	वर्तमान
"
varddhaman,"	वर्द्धमान
","	वर्द्धमन
"
verbal,"	वर्बल
","	वेरबल
"
varshan,"	वर्शन
","	वर्षण
"
varsaache,"	वर्साचे
","	वर्साहे
"
valkan,"	वल्कन
","	वॉक्कन
"
vash,"	वश
","	वश
"
vashikaran,"	वशीकरण
","	वाशिकरण
"
vaangchuk,"	वांगचुक
","	वांगुचक
"
want,"	वांट
","	वंत
"
vije,"	वाइज
","	विजे
"
vatar,"	वाटर
","	वातर
"
watson,"	वाटसन
","	वात्सन
"
vaan,"	वाण
","	वान
"
vaanon,"	वाणों
","	वानों
"
vatanukulan,"	वातानुकूलन
","	वातानुकुल
"
vaadak,"	वादक
","	वादक
"
vaadiyon,"	वादियों
","	वादियों
"
vayana,"	वायना
","	वायना
"
wireless,"	वायरलेस
","	विरलेस
"
warrior,"	वारियर्स
","	वार्यियर
"
valve,"	वाल्व
","	वालवे
"
vastavik,"	वास्तविक
","	वास्तविक
"
vaahikayen,"	वाहिकाएं
","	वाहिकाएं
"
winter,"	विंटर
","	विंटर
"
vincent,"	विंसेंट
","	विंसेंट
"
vikalpon,"	विकल्पों
","	विकलपों
"
wicket,"	विकेट
","	विकेट
"
vikramjeet,"	विक्रमजीत
","	विक्रमजीत
"
vichaarakon,"	विचारकों
","	विचारकों
"
vigyan,"	विज्ञान
","	विज्ञान
"
vigyaani,"	विज्ञानी
","	विज्ञानी
"
vigyaanon,"	विज्ञानों
","	विज्ञानों
"
vitthal,"	विट्ठल
","	वित्तल
"
viththal,"	विठ्ठल
","	विथ्यतल
"
vitark,"	वितर्क
","	वितर्क
"
vidhaaein,"	विद्याएं
","	विधाएं
"
vidhaaon,"	विद्याओं
","	विधाओं
"
vidhansabhaein,"	विधानसभाएं
","	विधानसभावि
"
vidhivat,"	विधिवत
","	विधिवत
"
vidhut,"	विधुत
","	विधुत
"
vinasht,"	विनष्ट
","	विनाष्ट
"
vineet,"	विनीत
","	विनीत
"
vipreetataa,"	विपरीतता
","	विप्रीतारि
"
vipra,"	विप्रा
","	विप्र
"
vipro,"	विप्रो
","	विप्रो
"
vibha,"	विभा
","	विभा
"
vibhajak,"	विभाजक
","	विभावक
"
vibhram,"	विभ्रम
","	विभर्म
"
vimarsh,"	विमर्श
","	विमार्श
"
vimarsho,"	विमर्शों
","	विमार्शो
"
virajati,"	विराजती
","	विराजती
"
virechan,"	विरेचन
","	विरेचन
"
virodh,"	विरोध
","	विरोध
"
virodhabhasi,"	विरोधाभासी
","	विरोधभावी
"
virodhabhason,"	विरोधाभासों
","	विरोधभोष
"
vividh,"	विविध
","	विविध
"
vivekahin,"	विवेकहीन
","	विवेकेश
"
visheshan,"	विशेषण
","	विशेषण
"
visheshanon,"	विशेषणों
","	विशेषणों
"
visheshaadhikaar,"	विशेषाधिकार
","	विशेषाधिकार
"
vishwasaniy,"	विश्वसनीय
","	विश्वासियाई
"
vishwasaniyata,"	विश्वसनीयता
","	विश्वनियाति
"
vishahin,"	विषहीन
","	विशाई
"
vishanu,"	विष्णु
","	विशानु
"
vlc,"	वीएलसी
","	वीएसली
"
weeks,"	वीक्स
","	वीक्स
"
veerchand,"	वीरचंद
","	वीरचंद
"
veeresh,"	वीरेश
","	वीरेश
"
vritton,"	वृत्तों
","	वृत्तों
"
venkataraman,"	वेंकटरमन
","	वेंकटार्मण
"
ved,"	वेड
","	वेड
"
wedding,"	वेडिंग
","	वेडिंग
"
vediyon,"	वेदियों
","	वेडियों
"
vedon,"	वेदों
","	वेडों
"
venezuela,"	वेनेजुएला
","	वेनजेबाला
"
veronica,"	वेरोनिका
","	वेरोनिका
"
velvet,"	वेलवेट
","	वेलवेट
"
welder,"	वेल्डर
","	वेल्डर
"
welding,"	वेल्डिंग
","	वेलिंग
"
wealth,"	वेल्थ
","	वील्थ
"
vellur,"	वेल्लूर
","	वेल्यूर
"
vesh,"	वेश
","	वेश
"
wasting,"	वेस्टिंग
","	वेसिंग
"
wastinghouse,"	वेस्टिंगहाउस
","	वास्तुंजेशुर
"
vaisley,"	वेस्ले
","	वैस्ले
"
vaigyaanik,"	वैज्ञानिक
","	वैग्यायिक
"
vaigyaanikta,"	वैज्ञानिकता
","	वैय्याणिक्त
"
vaitravati,"	वैत्रवती
","	वैत्रवाति
"
vaimanasy,"	वैमनस्य
","	वैमानस्य
"
very,"	वैरी
","	वेरी
"
vaisaakh,"	वैशाख
","	वैसाख
"
vaishaakhi,"	वैशाखी
","	वैशाखी
"
vaishnodevi,"	वैष्णोदेवी
","	वैश्नोद्वी
"
vyaktigat,"	व्यक्तिगत
","	व्यक्तिगत
"
vyagr,"	व्यग्र
","	व्याग्र
"
vyatit,"	व्यतीत
","	व्यातित
"
vyabhichar,"	व्यभिचार
","	व्यभिचार
"
vyavadhan,"	व्यवधान
","	व्यवाधन
"
vyavahargat,"	व्यवहारगत
","	व्यवहरगात
"
vyaghat,"	व्याघात
","	व्याघ्ट
"
vyapak,"	व्यापक
","	व्यापक
"
vlad,"	व्लाद
","	व्लाद
"
vladimir,"	व्लादिमीर
","	व्लादीमिर
"
shanghai,"	शंघाई
","	शंघाई
"
shatpath,"	शतपथ
","	शत्पाथ
"
shanivar,"	शनिवार
","	शानिवार
"
shabana,"	शबाना
","	शबना
"
shabdarth,"	शब्दार्थ
","	शबदर्थ
"
shamadan,"	शमादान
","	शमदन
"
shamitabh,"	शमिताभ
","	शमीताभ
"
shamil,"	शमिल
","	शामिल
"
sharabon,"	शराबों
","	शराबों
"
shararat,"	शरारत
","	शरारत
"
sharmana,"	शर्माना
","	शर्मना
"
shaharwasiyon,"	शहरवासियों
","	शाहरवायिसों
"
shahdara,"	शहादरा
","	शाहदरा
"
shaantikaal,"	शांतिकाल
","	शांतिकाल
"
shaao,"	शाओ
","	शाओ
"
shaakir,"	शाकिर
","	शाकिर
"
shaakhaaen,"	शाखाएं
","	शाखाएं
"
shayak,"	शायक
","	शायक
"
shaavakon,"	शावकों
","	शावकों
"
shaasaka,"	शासक
","	शासका
"
sasakon,"	शासकों
","	ससकों
"
shipra,"	शिप्रा
","	शिप्र
"
shirke,"	शिर्के
","	शिरके
"
sheershakon,"	शीर्षकों
","	शीर्षकों
"
shujaat,"	शुजात
","	शुजात
"
shooting,"	शुटिंग
","	शूटिंग
"
should,"	शुड
","	शॉल्ड
"
shubhankar,"	शुभंकर
","	शुभांकर
"
shumaali,"	शुमाली
","	शुमाली
"
shringaar,"	शृंगार
","	श्रींगार
"
sheling,"	शेलिंग
","	शेलिंग
"
shaili,"	शैली
","	शेली
"
shaishav,"	शैशव
","	शैशव
"
sean,"	शॉन
","	सीन
"
short,"	शोर्ट
","	शॉट्र
"
sure,"	श्योर
","	सुरे
"
shrankhala,"	श्रंखला
","	श्रृंखला
"
shrankhalaaon,"	श्रंखलाओं
","	श्रृंखलाओं
"
shravani,"	श्रावणी
","	श्रवानी
"
shrikar,"	श्रीकर
","	श्रीकर
"
shrikhand,"	श्रीखंड
","	श्रीखंड
"
shrimati,"	श्रीमति
","	श्रीमति
"
shriram,"	श्रीराम
","	श्रीरम
"
shrotaon,"	श्रोताओं
","	श्रोताओं
"
shat,"	षट्
","	शत
"
sankhyaein,"	संख्याएं
","	संख्याएं
"
sanghanit,"	संघनित
","	संघनित
"
sanchayan,"	संचयन
","	संचायन
"
sanchar,"	संचार
","	संचर
"
sanchaari,"	संचारी
","	संचारी
"
sanchalanon,"	संचालनों
","	संचलनों
"
sanjay,"	संजय
","	संजय
"
sanjeevan,"	संजीवन
","	संजीवान
"
santati,"	संतति
","	संतति
"
sandarbh,"	संदर्भ
","	संदर्भ
"
sandarbhon,"	संदर्भों
","	संदरभों
"
sandali,"	संदली
","	संदाली
"
sandhan,"	संधान
","	संधन
"
samprati,"	संप्रति
","	संप्रति
"
samprabhu,"	संप्रभु
","	संप्रभू
"
samprabhuta,"	संप्रभुता
","	संप्रभुता
"
sambit,"	संबित
","	संबित
"
sambhalane,"	संभालने
","	संभालने
"
sambhrant,"	संभ्रांत
","	संभर्त
"
sanyog,"	संयुक्त
","	संयोग
"
sanyukta,"	संयुक्ता
","	सानुयक्ता
"
sanyogvash,"	संयोगवश
","	संयोगवाश
"
sanyojan,"	संयोजन
","	संयोजन
"
sanyojanon,"	संयोजनों
","	संयोजनों
"
samvedikaran,"	संवेदीकरण
","	संवेदिकार
"
samshayon,"	संशयों
","	सम्यायों
"
sanskaar,"	संस्कार
","	संस्कार
"
sanskaari,"	संस्कारी
","	संस्कारी
"
sanskrit,"	संस्कृत
","	संस्कृत
"
sanskritiyan,"	संस्कृतियां
","	संस्कृतियां
"
sanskritiyon,"	संस्कृतियों
","	संस्कृतियों
"
sanasthit,"	संस्थित
","	सनस्थित
"
sanasthita,"	संस्थिता
","	सनस्थिता
"
sakara,"	सकरा
","	सकारा
"
sakshan,"	सक्शन
","	सक्षण
"
sacchidanand,"	सच्चिदानंद
","	सचिद्धान
"
sajja,"	सज्जा
","	सज्जा
"
sat,"	सत
","	सट
"
satpal,"	सतपाल
","	सत्पल
"
satluj,"	सतलुज
","	सतलुज
"
sataane,"	सताने
","	सताने
"
sate,"	सते
","	सते
"
satti,"	सत्ती
","	सत्ति
"
satvat,"	सत्वत
","	सत्वत
"
sadanand,"	सदानंद
","	सदन्द
"
sapane,"	सपने
","	सपने
"
saparivaar,"	सपरिवार
","	सपरिवार
"
sapaat,"	सपाट
","	सपात
"
sapate,"	सपाटे
","	सपते
"
saptakranti,"	सप्तक्रांति
","	सप्तकंति
"
saptapadi,"	सप्तपदी
","	सप्तपादी
"
saptari,"	सप्तरी
","	सप्तरी
"
sapramaan,"	सप्रमाण
","	सप्रमान
"
submit,"	सबमिट
","	सब्मित
"
sabmission,"	सबमिशन
","	सायमसिजन
"
sabhaein,"	सभाएं
","	सभाएं
"
sabhasadon,"	सभासदों
","	सभासवों
"
sabhyata,"	सभ्यता
","	सभ्यता
"
samjhoonga,"	समझूंगा
","	संझूगा
"
saman,"	समन
","	समन
"
samanvayaka,"	समन्वयक
","	समन्वयका
"
samaadhaan,"	समाधान
","	समाधान
"
samadhiyon,"	समाधियों
","	समाधियों
"
samalakha,"	समालखा
","	समलखा
"
samahaar,"	समाहार
","	समहार
"
samitiyan,"	समितियां
","	समीतियां
"
sametati,"	समेटती
","	समेतती
"
sarka,"	सरका
","	सरका
"
sarkarein,"	सरकारें
","	सरकारें
"
sarkaaron,"	सरकारों
","	सर्कारों
"
sargana,"	सरगना
","	सर्गना
"
sarganaon,"	सरगनाओं
","	सर्गनाओं
"
sargi,"	सरगी
","	सर्गी
"
sarguja,"	सरगुजा
","	सरगुजा
"
sarsa,"	सरसा
","	सर्सा
"
sarahind,"	सरहिंद
","	सारहिंद
"
saraaha,"	सराहा
","	सराहा
"
saraahi,"	सराही
","	सराही
"
salaahkar,"	सलाहकार
","	सलाहकार
"
saleeb,"	सलीब
","	सलीब
"
select,"	सलेक्ट
","	सेलेक्ट्स
"
saltanat,"	सल्तनत
","	सल्टानत
"
savaal,"	सवाल
","	सवाल
"
sahakalaakar,"	सहकलाकार
","	सहकालकर
"
sahadev,"	सहदेव
","	सहादेव
"
sahrawat,"	सहरावत
","	सहरवात
"
sahooliyata,"	सहूलियत
","	सहूलियाता
"
saanketika,"	सांकेतिक
","	सांकेतिका
"
saimans,"	साइमंस
","	सैमांस
"
saima,"	साइमा
","	सैमा
"
sagarika,"	सागरिका
","	सगरिका
"
saga,"	सागा
","	सगा
"
saajan,"	साजन
","	साजन
"
saajsajja,"	साजसज्जा
","	साजसजा
"
saja,"	साजा
","	सजा
"
saathsaath,"	साथसाथ
","	सात्साथ
"
sathiya,"	साथिया
","	साथिया
"
saabah,"	साबाह
","	साबाह
"
samanjasy,"	सामंजस्य
","	समंजासी
"
samoa,"	सामोआ
","	समोा
"
saayn,"	सायं
","	सायन
"
saira,"	सायरा
","	सैरा
"
salve,"	साल्वे
","	सालवे
"
sahab,"	साहब
","	सहब
"
singapore,"	सिंगापुर
","	सिंगपुरे
"
singaar,"	सिंगार
","	सिंगार
"
singhaadey,"	सिंघाड़े
","	सिंहड़े
"
singhi,"	सिंघी
","	सिंही
"
singha,"	सिंहा
","	सिंहा
"
siera,"	सिएरा
","	सियरा
"
sikud,"	सिकुड़
","	सिकुड़
"
signals,"	सिगनल्स
","	सिग्नलेस
"
cigaretton,"	सिगरेटों
","	सिगरेट्नों
"
siddhivat,"	सिद्धवट
","	सिद्धिवित
"
sinabang,"	सिनाबंग
","	सिंबांग
"
synapse,"	सिनेप्स
","	सिनपेस
"
sipah,"	सिपाह
","	सिपह
"
sipahiyon,"	सिपाहियों
","	सिपाइयों
"
sipahi,"	सिपाही
","	सिपही
"
sim,"	सिम
","	सिम
"
simat,"	सिमट
","	सिमत
"
simatataa,"	सिमटता
","	सिमतता
"
cement,"	सिमटे
","	सेमेंट
"
simi,"	सिमी
","	सिमी
"
sims,"	सिम्स
","	सिम्स
"
siyasi,"	सियासी
","	सियासी
"
siyah,"	सियाह
","	सियाह
"
sirpur,"	सिरपुर
","	सिरपुर
"
sivan,"	सिवान
","	सिवन
"
sisva,"	सिसवा
","	सिव्सा
"
cil,"	सीआईएल
","	सिल
"
csi,"	सीएसआई
","	सीसीआई
"
sikar,"	सीकर
","	सिकार
"
seaten,"	सीटें
","	सीटें
"
sitaram,"	सीताराम
","	सिताराम
"
sitaharan,"	सीताहरण
","	सितहरां
"
cpm,"	सीपीएम
","	सीपीएम
"
cps,"	सीपीएस
","	सीपीएस
"
cbse,"	सीबीएसई
","	सीबसीए
"
seem,"	सीम
","	सीम
"
sealed,"	सील्ड
","	सीलेड
"
ccd,"	सीसीडी
","	सीसीडी
"
sugamata,"	सुगमता
","	सुगमता
"
sujan,"	सुजेन
","	सुजन
"
sujain,"	सुजैन
","	सुजैन
"
sujhaati,"	सुझाती
","	सुझाति
"
sutali,"	सुतली
","	सुटाली
"
suta,"	सुता
","	सूता
"
sdueep,"	सुदीप
","	स्वीप
"
sudhaargrah,"	सुधारगृह
","	सुधारगढ़
"
sunaaron,"	सुनारों
","	सुनारों
"
sunaseer,"	सुनासीर
","	सुनासीर
"
suneeti,"	सुनीति
","	सुनीति
"
sunega,"	सुनेगा
","	सुनेगा
"
superhit,"	सुपरहिट
","	सुपरहित
"
supachy,"	सुपाच्य
","	सुपच्य
"
subhaay,"	सुभाय
","	सुभाय
"
surveen,"	सुरवीन
","	सूर्वियन
"
surana,"	सुराणा
","	सुरना
"
sulkhan,"	सुलखान
","	सुलखान
"
suljaayi,"	सुलझाई
","	सुलजायी
"
sultana,"	सुलताना
","	सुलताना
"
sulaati,"	सुलाती
","	सुलाति
"
susanskrit,"	सुसंस्कृत
","	सुसंस्रिक
"
suhagin,"	सुहागिन
","	सुहागिन
"
soond,"	सूंड़
","	सूंड
"
suiyan,"	सूइयां
","	सूयायन
"
sukhati,"	सूखती
","	सुखति
"
sukhakar,"	सूखाकर
","	सुखाकर
"
soochak,"	सूचक
","	सूचक
"
sooja,"	सूजा
","	सूजा
"
suba,"	सूबा
","	सुबा
"
sube,"	सूबे
","	सुबे
"
sooraj,"	सूरज
","	सूराज
"
surinaam,"	सूरीनाम
","	सुरिनाम
"
suryadev,"	सूर्यदेव
","	सुर्यादेव
"
sendha,"	सेंधा
","	सेंधा
"
senvai,"	सेंवई
","	सेंवे
"
sensing,"	सेंसिंग
","	सेंसिंग
"
sexual,"	सेक्सुअल
","	सेक्सुल
"
saturday,"	सेटरडे
","	सतुर्दय
"
seti,"	सेटी
","	सेती
"
seto,"	सेटो
","	सेतो
"
seth,"	सेथ
","	सेठ
"
safety,"	सेफ्टी
","	सेफेटी
"
semen,"	सेमिन
","	सीमेन
"
self,"	सेल्फ
","	सेल्फ
"
selfie,"	सेल्फी
","	सेल्फिय
"
save,"	सेव
","	सेव
"
sevakon,"	सेवकों
","	सेवकों
"
samuels,"	सैम्युल्स
","	समुल्स
"
celery,"	सैलरी
","	सेलेरी
"
sakar,"	सॉकर
","	सकर
"
songs,"	सॉन्ग्स
","	सॉंग्स
"
solicitor,"	सॉलिसिटर
","	सॉलिसिटर
"
sochane,"	सोचने
","	सोचने
"
sonu,"	सोनू
","	सोनो
"
soma,"	सोमा
","	सोमा
"
somi,"	सोमी
","	सोमी
"
soy,"	सोय
","	सोए
"
soya,"	सोया
","	सोया
"
solitaire,"	सोलिटेयर
","	सोलीटायर
"
soharai,"	सोहराई
","	सोहरावी
"
sohaval,"	सोहावल
","	सोहवाल
"
saunpane,"	सौंपने
","	सौंपने
"
scala,"	स्काला
","	स्केला
"
ski,"	स्की
","	स्कि
"
scootaron,"	स्कूटरों
","	स्कूटरों
"
scandinavia,"	स्कैंडिनेविया
","	स्केंडिवियाई
"
scaining,"	स्कैनिंग
","	स्काइनिंग
"
squash,"	स्क्वाश
","	स्कविश
"
squash,"	स्क्वैश
","	स्कविश
"
skhalan,"	स्खलन
","	स्हालन
"
stain,"	स्टैन
","	स्टेन
"
stop,"	स्टॉप
","	स्टोप
"
stops,"	स्टॉप्स
","	स्टॉप
"
stone,"	स्टोन
","	स्टोन
"
straws,"	स्ट्रास
","	स्ट्राव
"
stra,"	स्ट्रे
","	स्ट्रा
"
strocks,"	स्ट्रोक्स
","	स्ट्रॉक्स
"
stan,"	स्तन
","	स्टान
"
stanadhari,"	स्तनधारी
","	स्तनधारी
"
sthiti,"	स्तिथि
","	स्थिति
"
stuti,"	स्तुति
","	स्टूटी
"
sthitiyaan,"	स्थितियां
","	स्थितियां
"
sthitiyon,"	स्थितियों
","	स्थितियों
"
sthool,"	स्थूल
","	स्तूल
"
sthoolta,"	स्थूलता
","	स्थूलता
"
sneakers,"	स्नीकर्स
","	स्नीकर्स
"
spear,"	स्पीयर
","	स्पीयर
"
spell,"	स्पेल
","	स्पेल
"
spelar,"	स्पेलर
","	स्पीलर
"
sprint,"	स्प्रिट
","	स्प्रिंट
"
spray,"	स्प्रे
","	स्प्रे
"
sfoorti,"	स्फूर्ति
","	स्यूर्टी
"
slide,"	स्लाइड
","	स्लाइड
"
slider,"	स्लाइडर
","	स्लाइडर
"
slaaidon,"	स्लाइडों
","	स्लाइडों
"
sliders,"	स्लाइड्स
","	स्लाइडर्स
"
slice,"	स्लाइस
","	स्लाइस
"
slash,"	स्लैश
","	स्लाश
"
swaroopon,"	स्वरुपों
","	स्वरूपों
"
swa,"	स्वा
","	स्वा
"
swaachaalit,"	स्वाचालित
","	स्वाचालित
"
swaarthparak,"	स्वार्थपरक
","	स्वार्थपकर्क
"
swiftlate,"	स्विफ्टलेट
","	स्विफ्टेल
"
sweekarte,"	स्वीकारते
","	स्वीकार्टे
"
sweet,"	स्वीट
","	स्वीट
"
sweep,"	स्वीप
","	स्वीप
"
sweccha,"	स्वेच्छा
","	स्वेच्छा
"
sweta,"	स्वेता
","	स्वीता
"
swap,"	स्वैप
","	स्वाप
"
handiya,"	हंडिया
","	हंडिया
"
hakikat,"	हकीकत
","	हाकिकत
"
hathiya,"	हथिया
","	हथिया
"
hamala,"	हमला
","	हमला
"
hamalavar,"	हमलावर
","	हमलावार
"
hamaal,"	हमाल
","	हमाल
"
hercules,"	हरक्यूलिस
","	हर्कलस
"
hardas,"	हरदास
","	हरदास
"
harpaal,"	हरपाल
","	हरपाल
"
harvansh,"	हरवंश
","	हरवंश
"
haraval,"	हरावल
","	हरावाल
"
hurricane,"	हरिकेन
","	ह्रूरिकन
"
harijan,"	हरिजन
","	हरिजन
"
hariyali,"	हरियाली
","	हरियाली
"
harshit,"	हर्षित
","	हर्षित
"
haldi,"	हल्दी
","	हलदी
"
halla,"	हल्ला
","	हॉला
"
hawamahal,"	हवामहल
","	हवामहाल
"
hawalaat,"	हवालात
","	हवालात
"
hasino,"	हसीनों
","	हासिनो
"
haan,"	हां
","	हान
"
haanfte,"	हांफते
","	हांफते
"
higman,"	हाइमन
","	हिग्मन
"
hadauti,"	हाड़ौती
","	हडौौति
"
haani,"	हानी
","	हानी
"
haarjeet,"	हारजीत
","	हारजीत
"
haaranaa,"	हारना
","	हारना
"
haalchaal,"	हालचाल
","	हालचाल
"
halt,"	हाल्ट
","	हलत
"
hahakar,"	हाहाकार
","	हहकर
"
hingis,"	हिंगिस
","	हिंगिस
"
hindan,"	हिंडन
","	हिंदन
"
hijada,"	हिजड़ा
","	हिजड़ा
"
hijbul,"	हिजबुल
","	हिजबुल
"
hippo,"	हिप्पो
","	हिप्पो
"
hippopotamus,"	हिप्पोपोटेमस
","	हिप्तपूज्तास
"
himali,"	हिमाली
","	हिमाली
"
hilane,"	हिलने
","	हिलने
"
hisham,"	हिशाम
","	हिशम
"
heeraganj,"	हीरागंज
","	हीरगंग
"
heroes,"	हीरोज
","	हेरेस
"
hui,"	हुईं
","	हुई
"
hooper,"	हूपर
","	हूपर
"
hegde,"	हेगडे
","	हेगडे
"
hemvati,"	हेमवती
","	हेमवती
"
help,"	हेल्प
","	हेल्प
"
helper,"	हेल्पर
","	हेल्पर
"
haito,"	हैतो
","	हैटो
"
hairam,"	हैरम
","	हैराम
"
herald,"	हैराल्ड
","	हेरैल्ड
"
haive,"	हैव
","	हैवे
"
hong,"	हॉन्ग
","	होंग
"
half,"	हॉफ
","	हल्फ
"
hounga,"	होऊंगा
","	हॉंगा
"
holding,"	होल्डिंग
","	होल्डिंग
"
hoshangabaad,"	होशंगाबाद
","	होशनागाबाद
"
hostes,"	होस्टेस
","	होस्ट्स
"
